player_id,player,teams,seasons,innings,matches,runs,balls,average,high_score,high_score_not_out,high_score_disp,hundreds,fifties,strike_rate,fours,sixes,bdry_runs,bdry_pct,bdry_freq,rotate,role,role_share,median_bat_pos,pct_pos_1_2,pct_pos_3_5,pct_pos_6_7,pct_pos_8_11,share_team_runs,share_team_runs_home,share_team_runs_away,home_away_gap,pct_runs_at_home_ground,mean_pct_match_runs,median_pct_match_runs,sd_pct_match_runs,max_pct_match_runs,mean_pct_match_bat_runs,median_pct_match_bat_runs,median_pct_match_runs_home,median_pct_match_runs_away,n_top_scorer,n_top3,top_scorer_rate,top3_rate,innings_home,innings_away,runs_home,runs_away,pctl_share_team_runs,pctl_median_pct_match_runs,pctl_top_scorer_rate,pctl_top3_rate,composite_pctl
70b8fd28,A Lyth,Yorkshire,2023-2024,44,27,2234,3483,53.19,174,False,174,8,10,64.14,331,12,1396,62.489,9.848,26.688,Opener,100.0,1.0,100.0,0.0,0.0,0.0,15.685,17.088,13.952,3.136,60.206,9.055,9.335,5.835,24.888,9.61,9.883,10.95,8.403,12,24,27.273,54.545,22.0,22.0,1345.0,889.0,96.6,100.0,99.0,98.3,98.5
29e8a62e,RJ Burns,Surrey,2014-2021,55,33,2225,4362,46.354,199,False,199,4,15,51.009,308,3,1250,56.18,7.13,24.068,Opener,98.182,1.0,98.182,1.818,0.0,0.0,13.93,13.665,14.201,-0.536,49.573,7.638,7.346,5.429,26.699,8.204,7.738,6.935,7.642,11,29,20.0,52.727,28.0,27.0,1103.0,1122.0,90.4,99.5,89.4,96.6,94.0
be768595,MJ Cosgrove,Leicestershire,2015-2019,106,60,4063,6846,39.833,156,False,156,11,23,59.349,575,15,2390,58.824,8.618,26.742,Middle order,100.0,4.0,0.0,100.0,0.0,0.0,15.39,14.241,16.378,-2.136,42.801,7.943,7.328,6.391,36.111,8.582,7.813,7.327,7.535,23,55,21.698,51.887,50.0,56.0,1739.0,2324.0,95.7,99.0,94.2,95.2,96.0
f05fe9b1,JA Simpson,Middlesex/Sussex,2018-2024,87,55,3568,6675,46.947,205,True,205*,10,15,53.453,457,27,1990,55.774,7.251,25.489,All-rounder / keeper,90.805,6.0,0.0,2.299,90.805,6.897,14.677,12.321,17.009,-4.688,41.76,6.967,7.223,4.881,18.336,7.412,7.677,5.524,7.744,16,40,18.391,45.977,44.0,43.0,1490.0,2078.0,94.7,98.6,82.7,87.0,90.8
6843a783,Shan Masood,Derbyshire/Leicestershire/Yorkshire,2022-2025,40,25,2515,3318,66.184,239,False,239,8,9,75.799,306,9,1278,50.815,9.494,41.192,Middle order,62.5,3.0,37.5,62.5,0.0,0.0,18.953,17.698,20.144,-2.446,45.487,9.414,7.214,6.366,22.032,9.968,7.652,8.486,7.178,13,24,32.5,60.0,17.0,23.0,1144.0,1371.0,100.0,98.1,100.0,99.3,99.4
4ec07775,RN ten Doeschate,Essex,2014-2016,44,30,1894,2659,52.611,145,False,145,4,11,71.23,206,17,926,48.891,8.387,39.737,All-rounder / keeper,88.636,6.0,0.0,9.091,88.636,2.273,13.145,11.976,14.122,-2.146,41.447,6.304,7.177,3.862,12.511,6.737,7.538,7.347,6.256,7,24,15.909,54.545,18.0,26.0,785.0,1109.0,86.5,97.6,73.3,98.3,88.9
a15618fe,JM Vince,Hampshire,2014-2021,40,25,2014,2714,54.432,240,False,240,5,9,74.208,303,7,1254,62.264,11.422,31.614,Middle order,95.0,4.0,0.0,95.0,5.0,0.0,16.732,14.595,19.295,-4.7,47.567,9.096,7.111,8.541,31.864,9.757,7.705,6.19,8.307,8,21,20.0,52.5,22.0,18.0,958.0,1056.0,98.1,97.1,89.4,96.2,95.2
86e0f3f0,WL Madsen,Derbyshire,2014-2026,241,136,9966,17368,45.507,204,True,204*,24,56,57.381,1299,29,5370,53.883,7.646,28.653,Middle order,99.17,4.0,0.0,99.17,0.83,0.0,15.002,14.531,15.438,-0.907,46.558,7.235,6.866,4.876,21.283,7.715,7.242,6.603,6.918,49,125,20.332,51.867,116.0,125.0,4640.0,5326.0,95.2,96.6,90.4,94.7,94.2
fe0c5457,H Hameed,Lancashire/Nottinghamshire,2015-2022,41,25,1736,3194,49.6,196,False,196,5,10,54.352,249,5,1026,59.101,7.952,24.15,Opener,85.366,2.0,85.366,14.634,0.0,0.0,14.128,12.807,15.765,-2.958,50.173,7.268,6.801,4.605,16.54,7.746,7.637,6.801,6.508,11,20,26.829,48.78,23.0,18.0,871.0,865.0,91.3,96.2,98.1,93.3,94.7
9e85455c,MS Harris,Gloucestershire/Lancashire/Leicestershire,2021-2026,70,40,3166,5665,49.469,214,False,214,11,12,55.887,416,10,1724,54.454,7.52,27.524,Middle order,70.0,4.0,30.0,70.0,0.0,0.0,17.544,18.435,16.69,1.745,51.421,7.973,6.799,6.216,22.176,8.585,7.547,8.553,6.77,18,38,25.714,54.286,34.0,36.0,1628.0,1538.0,99.0,95.7,97.6,97.6,97.5
c995d726,CA Ingram,Glamorgan,2015-2025,106,61,4976,8632,51.833,257,True,257*,16,20,57.646,673,32,2884,57.958,8.167,26.391,Middle order,95.283,4.0,0.0,95.283,3.774,0.943,15.843,16.811,14.94,1.871,51.226,7.661,6.512,4.584,21.966,8.123,6.933,6.108,6.915,22,57,20.755,53.774,52.0,54.0,2549.0,2427.0,97.1,95.2,92.3,97.1,95.4
52d884b9,BG Compton,Kent,2025-2026,41,22,1737,3693,45.711,221,False,221,6,6,47.035,207,3,846,48.705,5.686,25.581,Opener,97.561,2.0,97.561,0.0,0.0,2.439,15.455,18.301,12.505,5.796,60.276,7.205,6.486,6.134,24.127,7.704,7.021,7.639,6.305,8,17,19.512,41.463,21.0,20.0,1047.0,690.0,96.2,94.7,87.5,73.1,87.9
d4f9dbd4,CA Pujara,Derbyshire/Nottinghamshire/Sussex,2014-2024,52,33,2796,4959,60.783,231,False,231,12,5,56.382,353,13,1490,53.29,7.381,28.435,Middle order,100.0,4.0,0.0,100.0,0.0,0.0,16.533,15.405,17.475,-2.071,42.418,8.218,6.412,6.003,19.596,8.815,7.046,5.94,7.739,12,27,23.077,51.923,24.0,28.0,1186.0,1610.0,97.6,94.2,96.2,95.7,95.9
6f049d41,CD Nash,Sussex,2016-2017,40,24,1756,3190,45.026,144,False,144,4,12,55.047,261,4,1068,60.82,8.307,23.521,Opener,77.5,1.0,77.5,22.5,0.0,0.0,14.143,12.066,16.875,-4.809,48.462,7.436,6.275,5.31,18.956,8.013,6.871,3.099,6.7,9,24,22.5,60.0,22.0,18.0,851.0,905.0,91.8,93.8,95.4,99.3,95.1
8af86756,BC Brown,Sussex,2016-2019,77,48,2850,4366,43.182,159,True,159*,6,18,65.277,371,10,1544,54.175,8.727,32.773,All-rounder / keeper,89.61,6.0,0.0,5.195,89.61,5.195,13.06,12.928,13.182,-0.255,47.474,6.227,6.268,4.412,15.243,6.723,6.639,6.268,5.659,12,32,15.584,41.558,36.0,41.0,1353.0,1497.0,85.6,93.3,70.7,74.0,80.9
fa433be6,M Labuschagne,Glamorgan,2019-2025,42,23,2219,3328,56.897,182,False,182,8,10,66.677,304,18,1324,59.667,9.675,29.774,Middle order,95.238,3.0,4.762,95.238,0.0,0.0,17.621,14.648,19.486,-4.838,32.041,8.342,6.213,5.347,21.076,8.93,6.462,5.734,8.745,13,26,30.952,61.905,18.0,24.0,711.0,1508.0,99.5,92.8,99.5,100.0,98.0
c9c0fe50,AZ Lees,Durham,2018-2026,91,55,3777,6856,43.919,195,False,195,11,14,55.09,459,18,1944,51.469,6.957,28.735,Opener,100.0,1.0,100.0,0.0,0.0,0.0,14.254,13.095,15.318,-2.224,43.95,7.336,6.188,5.471,21.744,7.892,6.656,5.657,7.702,15,45,16.484,49.451,43.0,48.0,1660.0,2117.0,93.3,92.3,76.4,93.8,89.0
2eca67f5,JM Clarke,Nottinghamshire/Worcestershire,2016-2022,70,40,2548,3989,41.097,142,False,142,6,12,63.876,353,7,1454,57.064,9.025,30.146,Middle order,98.571,4.0,0.0,98.571,1.429,0.0,12.106,13.165,10.925,2.24,57.339,6.236,6.164,5.098,26.707,6.653,6.51,6.426,5.56,11,30,15.714,42.857,36.0,34.0,1461.0,1087.0,75.0,91.8,71.6,79.6,79.5
5f26f677,BM Duckett,Northamptonshire/Nottinghamshire,2015-2022,85,50,3957,5148,48.256,241,False,241,14,15,76.865,576,10,2364,59.742,11.383,34.919,Opener,76.471,2.0,76.471,17.647,3.529,2.353,16.768,16.872,16.675,0.197,47.738,8.103,6.112,7.422,31.928,8.65,6.562,5.104,6.999,23,40,27.059,47.059,42.0,43.0,1889.0,2068.0,98.6,91.3,98.6,89.7,94.6
f4dfcbb4,S van Zyl,Sussex,2017-2019,47,28,1756,3575,39.909,173,False,173,3,7,49.119,242,1,974,55.467,6.797,23.469,Middle order,100.0,4.0,0.0,100.0,0.0,0.0,12.819,12.788,12.841,-0.053,41.059,6.728,6.002,4.674,18.969,7.264,6.373,6.971,5.855,5,22,10.638,46.809,18.0,29.0,721.0,1035.0,83.7,90.9,41.8,88.9,76.3
9679838c,BL D'Oliveira,Worcestershire,2014-2026,115,68,3865,7731,37.524,202,True,202*,9,18,49.994,472,20,2008,51.953,6.364,25.653,Opener,38.261,5.0,38.261,33.043,22.609,6.087,12.07,11.596,12.508,-0.912,46.106,6.256,5.981,6.185,40.562,6.675,6.31,5.968,6.037,20,53,17.391,46.087,56.0,59.0,1782.0,2083.0,74.0,90.4,78.8,87.5,82.7
a1b69936,DG Bedingham,Durham,2021-2026,56,38,2796,3774,55.92,191,False,191,12,6,74.086,324,37,1518,54.292,9.565,37.445,Middle order,96.429,4.0,0.0,96.429,3.571,0.0,14.349,14.444,14.242,0.202,53.577,7.126,5.929,5.189,20.181,7.674,6.414,5.929,6.665,11,23,19.643,41.071,30.0,26.0,1498.0,1298.0,93.8,89.9,88.5,71.2,85.8
c5f1d2a1,BT Slater,Derbyshire/Nottinghamshire,2014-2022,101,55,3325,7122,34.635,225,True,225*,4,18,46.686,450,3,1818,54.677,6.361,22.597,Opener,97.03,1.0,97.03,0.99,1.98,0.0,11.742,12.255,11.117,1.138,57.353,6.226,5.899,5.129,26.946,6.774,6.412,6.107,4.11,10,42,9.901,41.584,56.0,45.0,1907.0,1418.0,69.2,89.4,38.9,74.5,68.0
7bcde3fe,AM Rossington,Northamptonshire,2015-2021,92,56,2837,4255,33.774,138,True,138*,3,23,66.675,373,40,1732,61.05,9.706,28.761,All-rounder / keeper,83.696,6.0,0.0,14.13,83.696,2.174,11.241,11.282,11.204,0.079,47.48,5.673,5.889,4.084,17.228,6.101,6.186,6.449,5.332,12,43,13.043,46.739,42.0,50.0,1347.0,1490.0,61.5,88.9,57.9,88.5,74.2
0ecb4de6,Rehan Ahmed,Leicestershire,2022-2025,51,30,1916,2528,39.102,136,False,136,6,9,75.791,256,24,1168,60.96,11.076,33.274,All-rounder / keeper,50.98,6.0,7.843,39.216,50.98,1.961,12.706,13.602,12.15,1.453,40.971,6.456,5.869,4.274,14.929,6.868,6.16,6.834,5.326,7,24,13.725,47.059,17.0,34.0,785.0,1131.0,83.2,88.5,59.1,89.7,80.1
ad9c32a2,DJ Malan,Middlesex/Yorkshire,2018-2023,52,28,1866,3209,37.32,199,False,199,6,6,58.149,237,7,990,53.055,7.604,29.545,Middle order,98.077,4.0,0.0,98.077,0.0,1.923,14.15,11.239,17.324,-6.086,41.426,6.899,5.836,5.137,19.01,7.364,6.204,4.617,8.0,13,21,25.0,40.385,27.0,25.0,773.0,1093.0,92.3,88.0,97.1,68.8,86.6
25a42048,T Westley,Essex,2014-2021,62,41,2385,4389,41.121,254,False,254,5,13,54.34,375,1,1506,63.145,8.567,21.904,Middle order,69.355,3.0,30.645,69.355,0.0,0.0,12.926,12.451,13.396,-0.945,47.883,6.211,5.6,5.651,24.4,6.62,5.882,4.471,5.953,12,26,19.355,41.935,31.0,31.0,1142.0,1243.0,84.6,87.5,86.5,76.4,83.8
bdadf7da,JL Denly,Kent,2015-2025,90,53,3281,6019,40.506,227,False,227,8,15,54.511,436,29,1918,58.458,7.726,24.541,Middle order,77.778,3.0,21.111,77.778,0.0,1.111,13.453,14.583,12.341,2.242,53.764,6.501,5.549,5.566,23.61,6.935,5.98,6.611,3.017,17,36,18.889,40.0,43.0,47.0,1764.0,1517.0,89.4,87.0,85.6,65.6,81.9
18c78b11,RE Levi,Northamptonshire,2015-2019,74,43,2411,3361,35.985,168,False,168,4,12,71.735,344,20,1496,62.049,10.83,30.531,Middle order,77.027,5.0,6.757,77.027,16.216,0.0,12.457,14.917,10.126,4.791,58.275,6.123,5.408,3.986,18.657,6.605,6.133,7.138,3.312,13,35,17.568,47.297,34.0,40.0,1405.0,1006.0,80.8,86.5,80.3,90.9,84.6
399b0b94,CT Bancroft,Durham/Gloucestershire,2016-2026,102,56,3771,7853,39.695,206,True,206*,8,20,48.02,430,10,1780,47.202,5.603,26.858,Opener,90.196,1.0,90.196,9.804,0.0,0.0,12.907,12.052,13.946,-1.893,51.233,6.298,5.379,5.123,26.103,6.763,5.732,3.996,6.065,20,44,19.608,43.137,54.0,48.0,1932.0,1839.0,84.1,86.1,88.0,80.3,84.6
6e6fb538,JL du Plooy,Derbyshire/Middlesex,2019-2026,120,73,5391,8997,52.853,263,True,263*,15,26,59.92,598,31,2578,47.82,6.991,33.616,Middle order,95.833,4.0,0.0,95.833,3.333,0.833,14.516,14.954,14.072,0.882,51.827,7.332,5.357,5.845,22.495,7.785,5.72,5.366,5.273,28,55,23.333,45.833,59.0,61.0,2794.0,2597.0,94.2,85.6,96.6,86.5,90.7
1e0d4dcb,FJ Bean,Yorkshire,2023-2024,43,27,1729,2842,40.209,173,False,173,5,4,60.837,238,18,1060,61.307,9.008,25.87,Opener,95.349,2.0,95.349,4.651,0.0,0.0,12.36,13.086,11.425,1.661,59.572,6.504,5.335,5.096,18.427,6.877,5.66,5.425,5.112,8,17,18.605,39.535,22.0,21.0,1030.0,699.0,79.8,85.1,84.6,63.7,78.3
72918338,AHT Donald,Derbyshire/Glamorgan,2014-2026,89,50,2446,3408,29.47,234,False,234,1,16,71.772,327,27,1470,60.098,10.387,31.958,Middle order,57.303,5.0,2.247,57.303,40.449,0.0,10.881,11.026,10.743,0.283,49.509,4.814,5.312,3.394,16.352,5.118,5.634,5.365,5.259,14,33,15.73,37.079,46.0,43.0,1211.0,1235.0,55.3,84.6,72.1,54.8,66.7
ada15e88,PSP Handscomb,Durham/Gloucestershire/Leicestershire/Middlesex,2015-2025,84,51,3110,5665,42.027,142,True,142*,7,20,54.898,368,4,1496,48.103,6.567,30.493,Middle order,97.619,5.0,0.0,97.619,2.381,0.0,12.505,10.338,14.181,-3.843,36.045,5.992,5.299,4.27,16.825,6.372,5.612,3.795,6.379,18,36,21.429,42.857,35.0,49.0,1121.0,1989.0,81.2,84.1,93.3,79.6,84.6
07c8a2f4,LA Procter,Northamptonshire,2017-2026,111,66,3725,7826,37.25,261,True,261*,4,24,47.598,438,16,1848,49.611,5.801,25.461,Opener,53.153,2.0,53.153,31.532,10.811,4.505,12.039,11.15,12.977,-1.827,47.544,5.849,5.267,4.904,23.408,6.251,5.646,5.267,4.932,17,47,15.315,42.342,55.0,56.0,1771.0,1954.0,73.1,83.7,69.2,77.4,75.8
730d120f,AG Wakely,Northamptonshire,2015-2019,100,58,3059,6078,33.989,123,False,123,6,14,50.329,396,21,1710,55.901,6.861,23.83,Middle order,96.0,3.0,1.0,96.0,1.0,2.0,11.236,12.073,10.494,1.579,50.507,5.786,5.266,3.902,14.936,6.218,5.814,5.663,5.116,14,40,14.0,40.0,46.0,54.0,1545.0,1514.0,61.1,83.2,62.5,65.6,68.1
c1a89821,NRT Gubbins,Hampshire/Middlesex,2018-2021,54,29,1574,3221,30.269,137,True,137*,3,7,48.867,214,7,898,57.052,6.861,22.533,Middle order,57.407,3.0,42.593,57.407,0.0,0.0,12.104,10.348,13.952,-3.604,43.837,5.982,5.225,3.935,14.552,6.394,5.615,5.089,5.745,6,24,11.111,44.444,29.0,25.0,690.0,884.0,74.5,82.7,45.7,85.1,72.0
6f4775f7,PJ Horton,Lancashire/Leicestershire,2015-2019,93,53,2805,5419,31.875,168,False,168,4,18,51.762,395,2,1592,56.756,7.326,24.154,Opener,100.0,1.0,100.0,0.0,0.0,0.0,11.559,10.417,12.585,-2.168,42.638,5.373,5.18,4.034,15.832,5.835,5.613,3.897,5.921,13,37,13.978,39.785,44.0,49.0,1196.0,1609.0,68.3,82.2,62.0,64.4,69.2
bca21d18,DI Stevens,Kent,2014-2018,93,58,2917,4103,33.919,140,False,140,3,20,71.094,405,49,1914,65.615,11.065,27.487,All-rounder / keeper,84.946,6.0,0.0,7.527,84.946,7.527,11.452,12.189,10.758,1.431,51.663,5.383,5.169,3.764,15.083,5.751,5.457,5.417,4.006,11,46,11.828,49.462,44.0,49.0,1507.0,1410.0,66.3,81.7,49.5,94.2,72.9
10435ca2,CDJ Dent,Gloucestershire,2014-2025,203,112,6700,13520,35.829,268,False,268,14,40,49.556,888,27,3714,55.433,6.768,23.689,Opener,97.537,2.0,97.537,1.97,0.0,0.493,13.158,13.517,12.753,0.764,54.537,6.368,5.168,5.191,27.5,6.841,5.58,5.142,5.194,42,90,20.69,44.335,100.0,103.0,3654.0,3046.0,87.0,81.2,91.8,84.6,86.2
05de1a5a,GC Wilson,Derbyshire/Surrey,2014-2018,57,37,1868,3242,40.609,160,True,160*,1,13,57.619,234,9,990,52.998,7.495,29.276,All-rounder / keeper,75.439,7.0,0.0,19.298,75.439,5.263,10.524,13.556,8.184,5.371,56.103,5.426,5.168,4.02,19.068,5.819,5.521,6.074,4.22,7,27,12.281,47.368,26.0,31.0,1048.0,820.0,50.0,80.8,52.9,91.3,68.8
8fc65c2b,SM Davies,Somerset/Surrey,2014-2021,44,29,1826,3002,44.537,200,True,200*,3,9,60.826,230,3,938,51.369,7.761,32.069,Middle order,61.364,5.0,15.909,61.364,15.909,6.818,12.396,11.647,13.066,-1.419,44.414,6.26,5.154,4.42,16.935,6.683,5.759,5.891,5.154,7,15,15.909,34.091,22.0,22.0,811.0,1015.0,80.3,79.8,73.3,43.0,69.1
ad962377,WR Smith,Durham/Hampshire,2014-2019,46,26,1548,3259,36.857,151,True,151*,2,8,47.499,193,1,778,50.258,5.953,25.122,Middle order,78.261,3.0,21.739,78.261,0.0,0.0,11.942,11.455,12.464,-1.009,49.677,6.105,5.154,4.554,18.839,6.506,5.512,4.682,6.707,6,18,13.043,39.13,25.0,21.0,769.0,779.0,71.6,80.3,57.9,63.0,68.2
84826f48,NJ O'Brien,Leicestershire,2014-2016,61,34,1883,3241,35.528,133,False,133,1,13,58.099,235,8,988,52.469,7.498,29.853,All-rounder / keeper,91.803,6.0,3.279,4.918,91.803,0.0,11.88,13.472,9.895,3.577,62.931,5.411,5.124,3.681,15.311,5.818,5.49,5.284,4.688,13,27,21.311,44.262,34.0,27.0,1185.0,698.0,70.7,79.3,92.8,84.1,81.7
b9c7596f,Hassan Azad,Leicestershire,2019-2022,55,30,1916,4720,39.102,144,True,144*,5,13,40.593,221,1,890,46.451,4.703,22.81,Opener,89.091,1.0,89.091,10.909,0.0,0.0,13.641,13.269,14.004,-0.735,48.069,7.725,5.06,9.033,47.222,8.282,5.492,5.055,5.066,11,26,20.0,47.273,27.0,28.0,921.0,995.0,89.9,78.4,89.4,90.4,87.0
5bfdc77a,James Bracey,Gloucestershire,2016-2026,167,94,5972,10827,39.813,207,True,207*,17,24,55.158,744,34,3180,53.248,7.186,27.784,Middle order,73.054,4.0,5.389,73.054,21.557,0.0,13.325,13.841,12.713,1.128,56.346,6.264,5.06,4.892,22.165,6.716,5.404,4.684,5.163,25,64,14.97,38.323,89.0,78.0,3365.0,2607.0,88.5,78.8,67.3,60.6,73.8
42537f07,JA Rudolph,Glamorgan,2014-2017,92,49,2759,5958,31.713,139,False,139,4,16,46.307,381,3,1542,55.89,6.445,21.834,Opener,91.304,2.0,91.304,7.609,1.087,0.0,11.39,10.447,12.228,-1.781,43.168,5.589,5.009,3.569,15.346,5.966,5.208,4.211,5.783,17,42,18.478,45.652,44.0,48.0,1191.0,1568.0,65.4,77.9,83.7,86.1,78.3
b47cd52c,TC Lace,Derbyshire/Gloucestershire/Middlesex,2018-2021,49,26,1511,3293,34.341,143,False,143,4,7,45.885,205,3,838,55.46,6.316,21.815,Middle order,89.796,4.0,8.163,89.796,2.041,0.0,12.517,12.845,12.13,0.714,55.46,5.812,4.975,4.289,14.977,6.267,5.191,5.246,4.428,7,20,14.286,40.816,27.0,22.0,838.0,673.0,81.7,77.4,64.7,70.2,73.5
1957c6b7,LWP Wells,Lancashire/Sussex,2016-2026,115,67,4294,8498,39.759,258,False,258,12,15,50.53,545,38,2408,56.078,6.86,23.828,Opener,55.652,2.0,55.652,36.522,7.826,0.0,12.962,15.048,10.972,4.076,56.684,6.366,4.961,5.12,22.261,6.857,5.436,5.719,3.8,16,50,13.913,43.478,53.0,62.0,2434.0,1860.0,85.1,76.9,60.6,82.2,76.2
ce470ca0,AJ Robson,Durham/Leicestershire/Sussex,2014-2019,98,52,2723,5406,28.663,120,False,120,2,24,50.37,392,3,1586,58.245,7.307,22.69,Opener,89.796,2.0,89.796,9.184,1.02,0.0,11.168,9.904,12.383,-2.48,43.481,5.647,4.946,4.92,21.582,6.089,5.331,4.807,5.187,16,47,16.327,47.959,48.0,50.0,1184.0,1539.0,60.6,76.4,75.5,92.3,76.2
0a7c6649,HRC Came,Derbyshire,2022-2026,86,49,2756,6287,34.025,141,True,141*,4,21,43.836,332,8,1376,49.927,5.408,23.205,Opener,67.442,1.0,67.442,26.744,5.814,0.0,11.361,12.498,10.273,2.225,53.774,5.685,4.903,4.249,17.181,6.044,5.195,6.198,4.437,12,36,13.953,41.86,43.0,43.0,1482.0,1274.0,63.9,76.0,61.3,76.0,69.3
c88bc84a,Miles Hammond,Gloucestershire,2015-2026,148,83,4908,9349,34.809,145,False,145,7,32,52.498,611,51,2750,56.031,7.081,24.842,Middle order,66.892,4.0,31.757,66.892,1.351,0.0,12.3,11.311,13.394,-2.083,48.309,6.075,4.893,4.209,17.021,6.519,5.221,4.348,5.986,25,64,16.892,43.243,78.0,70.0,2371.0,2537.0,78.4,75.5,76.9,80.8,77.9
81efec30,NLJ Browne,Essex,2014-2021,65,41,2680,5222,47.018,255,False,255,10,8,51.321,370,6,1516,56.567,7.2,24.02,Opener,100.0,1.0,100.0,0.0,0.0,0.0,14.197,12.22,15.905,-3.685,39.888,7.262,4.839,6.909,23.883,7.745,5.237,4.721,5.271,12,26,18.462,40.0,31.0,34.0,1069.0,1611.0,92.8,75.0,83.2,65.6,79.2
104e88a4,AJ Hose,Warwickshire/Worcestershire,2018-2026,45,25,1189,2205,28.31,85,False,85,0,9,53.923,171,5,714,60.05,7.982,23.411,Middle order,100.0,5.0,0.0,100.0,0.0,0.0,10.269,12.069,8.879,3.19,51.22,4.948,4.804,3.419,11.831,5.278,5.184,5.69,3.855,3,21,6.667,46.667,22.0,23.0,609.0,580.0,47.1,74.5,26.7,88.0,59.1
75cbed9b,SS Eskinazi,Leicestershire/Middlesex,2018-2025,78,44,2367,4902,33.338,155,False,155,4,11,48.286,324,3,1314,55.513,6.671,23.016,Middle order,66.667,3.0,21.795,66.667,11.538,0.0,11.3,11.145,11.451,-0.306,48.373,6.307,4.797,6.421,40.517,6.721,5.131,4.972,4.274,14,33,17.949,42.308,39.0,39.0,1145.0,1222.0,62.0,74.0,81.2,76.9,73.5
26db69e6,OJ Carter,Sussex,2022-2024,45,28,1613,3182,38.405,185,False,185,1,13,50.691,200,14,884,54.805,6.725,24.562,All-rounder / keeper,48.889,5.0,8.889,42.222,48.889,0.0,11.32,9.641,13.777,-4.136,50.589,5.145,4.794,4.269,21.119,5.474,5.115,4.794,4.738,6,17,13.333,37.778,24.0,21.0,816.0,797.0,63.0,73.6,58.7,58.2,63.4
6755cd5c,CB Cooke,Glamorgan,2014-2025,194,115,6526,11706,41.304,205,True,205*,10,36,55.749,798,39,3426,52.498,7.15,28.521,All-rounder / keeper,69.072,6.0,0.0,26.289,69.072,4.639,11.731,11.404,12.087,-0.683,50.674,5.607,4.787,4.197,17.772,5.965,5.192,5.422,4.471,30,84,15.464,43.299,103.0,91.0,3307.0,3219.0,68.8,73.1,69.7,81.2,73.2
10b79140,TS Muyeye,Kent,2025-2026,40,22,1353,2020,36.568,125,True,125*,3,6,66.98,175,12,772,57.058,9.257,31.697,Middle order,95.0,4.0,0.0,95.0,2.5,2.5,11.935,11.026,12.791,-1.765,44.789,5.858,4.782,4.266,16.851,6.311,5.141,4.762,4.922,9,18,22.5,45.0,19.0,21.0,606.0,747.0,71.2,72.6,95.4,85.6,81.2
bdadcca1,TJ Haines,Sussex,2016-2024,83,50,2877,4526,35.519,243,False,243,7,12,63.566,421,4,1708,59.367,9.39,28.505,Opener,90.361,2.0,90.361,9.639,0.0,0.0,10.996,11.488,10.258,1.229,62.704,5.504,4.778,4.679,23.826,5.843,5.112,5.635,3.713,9,27,10.843,32.53,46.0,37.0,1804.0,1073.0,57.2,72.1,43.3,37.0,52.4
0d61d8f0,JD Libby,Northamptonshire/Nottinghamshire/Worcestershire,2016-2026,90,55,3093,5793,37.265,215,False,215,9,11,53.392,351,6,1440,46.557,6.163,30.408,Opener,98.889,2.0,98.889,1.111,0.0,0.0,12.031,9.476,14.486,-5.01,38.603,5.854,4.776,4.773,22.165,6.237,5.17,3.951,5.44,14,35,15.556,38.889,45.0,45.0,1194.0,1899.0,72.6,71.6,70.2,62.5,69.2
7e4c8ba3,SA Northeast,Glamorgan/Hampshire/Kent,2014-2026,216,126,8859,15210,46.873,410,True,410*,25,35,58.245,1064,39,4490,50.683,7.252,30.97,Middle order,93.981,4.0,5.093,93.981,0.926,0.0,14.028,13.368,14.611,-1.243,44.655,6.788,4.711,6.101,26.723,7.216,5.01,4.011,5.194,42,88,19.444,40.741,99.0,117.0,3956.0,4903.0,90.9,71.2,87.0,69.7,79.7
1b77f62b,MD Stoneman,Middlesex/Surrey,2021-2024,60,38,2196,4236,38.526,129,False,129,6,9,51.841,309,4,1260,57.377,7.389,23.859,Opener,100.0,2.0,100.0,0.0,0.0,0.0,12.124,11.215,13.134,-1.919,48.679,6.439,4.706,5.478,17.692,6.869,5.092,4.508,4.905,11,26,18.333,43.333,31.0,29.0,1069.0,1127.0,75.5,70.7,82.2,81.7,77.5
c16d4035,SW Billings,Kent,2014-2018,63,41,1982,3145,35.393,171,False,171,2,11,63.021,289,7,1198,60.444,9.412,27.518,All-rounder / keeper,68.254,7.0,0.0,25.397,68.254,6.349,11.376,8.752,14.388,-5.636,41.12,5.303,4.704,3.671,17.151,5.669,5.0,4.0,6.209,6,26,9.524,41.27,31.0,32.0,815.0,1167.0,64.4,70.2,37.3,71.6,60.9
efe3fcc5,R Vasconcelos,Northamptonshire,2018-2026,94,55,3366,5804,37.4,187,False,187,11,11,57.994,466,19,1978,58.764,8.356,26.095,Opener,84.043,1.0,84.043,15.957,0.0,0.0,12.609,12.216,12.976,-0.76,46.762,6.195,4.637,4.941,20.71,6.655,5.014,4.292,5.327,14,35,14.894,37.234,45.0,49.0,1574.0,1792.0,82.7,69.7,66.8,56.7,69.0
9789e56e,LM Reece,Derbyshire/Lancashire,2015-2026,152,87,5392,10484,40.848,211,False,211,13,26,51.431,643,27,2734,50.705,6.391,27.084,Opener,74.342,2.0,74.342,2.632,21.053,1.974,12.284,13.31,11.31,2.0,52.782,6.163,4.627,5.595,27.69,6.581,4.925,4.786,4.61,31,61,20.395,40.132,75.0,77.0,2846.0,2546.0,77.4,69.2,90.9,67.1,76.2
d34a2268,MDE Holden,Middlesex/Northamptonshire,2017-2026,146,85,5026,10089,36.42,211,True,211*,9,24,49.817,616,18,2572,51.174,6.284,25.955,Middle order,65.753,3.0,23.973,65.753,10.274,0.0,12.286,11.45,13.121,-1.671,46.598,5.711,4.617,4.235,19.643,6.119,4.938,4.36,5.791,22,61,15.068,41.781,77.0,69.0,2342.0,2684.0,77.9,68.8,67.8,75.0,72.4
9e707e02,KS Carlson,Glamorgan,2016-2025,141,80,4720,7845,34.706,192,False,192,11,24,60.166,589,32,2548,53.983,7.916,30.066,Middle order,87.234,5.0,0.0,87.234,12.766,0.0,11.812,12.947,10.7,2.247,54.28,5.929,4.612,5.532,34.058,6.299,4.939,5.104,4.0,17,54,12.057,38.298,72.0,69.0,2562.0,2158.0,70.2,68.3,51.9,60.1,62.6
05f96194,MA Jones,Durham/Lancashire,2018-2026,75,46,2415,4372,33.542,206,False,206,3,15,55.238,303,26,1368,56.646,7.525,25.897,Opener,73.333,2.0,73.333,17.333,9.333,0.0,10.808,9.138,12.692,-3.554,44.803,5.365,4.609,4.789,22.986,5.82,4.891,3.086,6.205,13,31,17.333,41.333,39.0,36.0,1082.0,1333.0,54.3,67.8,78.4,72.6,68.3
7db8d00b,WD Bragg,Glamorgan,2014-2017,77,42,2308,5078,31.616,161,True,161*,4,12,45.451,282,1,1134,49.133,5.573,24.484,Middle order,62.338,3.0,35.065,62.338,1.299,1.299,11.148,9.662,12.638,-2.975,43.414,5.535,4.584,4.704,17.332,5.929,4.821,3.415,5.0,11,27,14.286,35.065,39.0,38.0,1002.0,1306.0,60.1,67.3,64.7,47.1,59.8
e734d090,CN Ackermann,Durham/Leicestershire,2017-2026,120,69,4047,8094,37.822,277,True,277*,9,21,50.0,551,11,2270,56.091,6.943,23.593,Middle order,90.0,4.0,0.0,90.0,10.0,0.0,13.07,13.598,12.509,1.089,53.62,5.893,4.575,4.831,17.711,6.336,5.065,4.903,3.232,21,49,17.5,40.833,59.0,61.0,2170.0,1877.0,86.1,66.8,79.6,70.7,75.8
51e1ed69,SG Borthwick,Durham,2021-2023,47,30,1537,2736,37.488,134,True,134*,2,12,56.177,200,4,824,53.611,7.456,28.16,Middle order,100.0,3.0,0.0,100.0,0.0,0.0,10.247,10.354,10.125,0.23,54.001,5.376,4.535,4.16,19.591,5.751,4.972,4.868,4.202,6,16,12.766,34.043,24.0,23.0,830.0,707.0,46.6,66.3,55.8,42.3,52.8
324a6ee1,OB Cox,Leicestershire/Worcestershire,2014-2025,137,88,3849,6453,31.81,124,False,124,3,24,59.647,505,38,2248,58.405,8.415,27.09,All-rounder / keeper,83.212,7.0,0.0,2.92,83.212,13.869,9.554,8.676,10.567,-1.891,48.636,4.697,4.52,3.642,19.538,5.018,4.968,3.185,4.989,13,46,9.489,33.577,73.0,64.0,1872.0,1977.0,39.9,65.9,36.5,41.3,45.9
1f28c0f2,RI Newton,Northamptonshire,2015-2019,85,46,2735,5080,34.188,202,True,202*,6,16,53.839,363,5,1482,54.186,7.244,26.592,Opener,84.706,2.0,84.706,12.941,1.176,1.176,11.974,11.879,12.075,-0.196,51.261,6.028,4.515,4.801,20.302,6.463,4.81,4.227,4.89,16,37,18.824,43.529,45.0,40.0,1402.0,1333.0,72.1,65.4,85.1,82.7,76.3
9e1b7792,EJ Byrom,Glamorgan/Somerset,2021-2025,56,31,1769,3568,34.019,176,False,176,3,8,49.58,259,13,1114,62.973,7.623,19.873,Opener,91.071,2.0,91.071,8.929,0.0,0.0,10.527,13.017,8.266,4.751,58.847,5.573,4.5,4.205,14.027,5.916,4.888,4.5,4.022,7,20,12.5,35.714,29.0,27.0,1041.0,728.0,50.5,64.9,54.1,50.5,55.0
91ffa6c6,JD Ryder,Essex,2014-2016,50,32,1613,2472,37.512,133,False,133,4,7,65.251,200,26,956,59.268,9.142,29.252,Middle order,64.0,5.0,2.0,64.0,34.0,0.0,11.377,12.884,9.922,2.962,55.611,5.409,4.495,4.628,18.29,5.734,4.804,5.27,3.252,5,24,10.0,48.0,24.0,26.0,897.0,716.0,64.9,64.4,39.7,92.8,65.4
dfc3f02d,OJ Price,Gloucestershire,2021-2026,92,52,2881,6415,33.115,253,True,253*,6,12,44.91,379,8,1564,54.287,6.033,21.848,Middle order,84.783,3.0,0.0,84.783,10.87,4.348,10.922,12.122,9.574,2.548,58.73,5.533,4.49,4.594,21.577,5.93,4.796,5.305,3.913,15,35,16.304,38.043,49.0,43.0,1692.0,1189.0,55.8,63.9,75.0,59.1,63.4
b26b1e3d,BA Godleman,Derbyshire,2014-2023,149,81,4945,9494,35.071,227,False,227,15,19,52.086,600,18,2508,50.718,6.509,27.456,Opener,87.919,2.0,87.919,11.409,0.671,0.0,12.233,13.149,11.291,1.858,54.459,6.051,4.467,5.399,24.287,6.495,4.772,5.675,4.0,22,55,14.765,36.913,74.0,75.0,2693.0,2252.0,76.4,63.5,65.9,53.8,64.9
76cb1a7f,SD Robson,Middlesex,2018-2026,139,79,4584,8743,34.466,165,False,165,13,18,52.431,622,3,2506,54.668,7.149,25.597,Opener,99.281,1.0,99.281,0.0,0.719,0.0,12.28,14.236,10.276,3.96,58.661,6.31,4.452,5.289,22.721,6.713,4.713,4.987,3.651,25,56,17.986,40.288,72.0,67.0,2689.0,1895.0,76.9,63.0,81.7,68.3,72.5
7ca5e05d,RS Bopara,Essex,2014-2016,52,35,1942,4211,39.633,162,False,162,2,11,46.117,224,14,980,50.463,5.652,24.213,Middle order,100.0,4.0,0.0,100.0,0.0,0.0,11.753,12.382,11.167,1.215,50.824,5.95,4.438,4.268,17.933,6.34,4.661,4.922,4.073,10,17,19.231,32.692,23.0,29.0,987.0,955.0,69.7,62.5,86.1,38.0,64.1
7081848a,GH Roderick,Gloucestershire/Worcestershire,2014-2026,155,90,4440,9119,31.714,172,True,172*,5,27,48.69,531,14,2208,49.73,5.977,26.032,Middle order,63.226,4.0,20.0,63.226,15.484,1.29,10.692,11.01,10.338,0.672,54.257,5.344,4.434,4.933,22.812,5.705,4.726,4.804,3.478,20,66,12.903,42.581,81.0,74.0,2409.0,2031.0,52.9,62.0,56.2,78.8,62.5
a386e91b,PD Collingwood,Durham,2017-2018,40,23,1296,2277,34.105,177,False,177,3,5,56.917,150,6,636,49.074,6.851,31.117,Middle order,70.0,5.0,0.0,70.0,30.0,0.0,12.332,11.234,13.252,-2.018,41.512,5.565,4.433,4.91,17.704,5.953,4.789,4.762,4.041,5,15,12.5,37.5,19.0,21.0,538.0,758.0,79.3,61.5,54.1,57.5,63.1
922e1b19,Z Crawley,Kent,2017-2026,55,30,1304,2312,24.604,93,False,93,0,10,56.401,186,4,768,58.896,8.218,25.259,Opener,63.636,2.0,63.636,23.636,12.727,0.0,9.707,10.296,9.075,1.221,54.908,4.937,4.404,3.505,13.681,5.351,4.702,4.535,2.947,6,22,10.909,40.0,29.0,26.0,716.0,588.0,41.3,61.1,44.2,65.6,53.0
305c31f2,BBA Geddes,Middlesex/Surrey,2021-2026,45,26,1276,2319,30.381,137,False,137,1,9,55.024,150,12,672,52.665,6.986,28.002,All-rounder / keeper,53.333,6.0,17.778,28.889,53.333,0.0,9.729,8.112,11.359,-3.248,41.85,5.173,4.403,3.509,14.886,5.553,4.703,3.862,5.263,5,15,11.111,33.333,21.0,24.0,534.0,742.0,41.8,60.6,45.7,40.1,47.1
bab08c8b,NJ Selman,Glamorgan,2016-2021,81,42,2158,4558,28.395,150,False,150,6,9,47.345,271,3,1102,51.066,6.011,24.65,Opener,91.358,1.0,91.358,8.642,0.0,0.0,10.858,10.21,11.57,-1.36,49.259,5.079,4.385,4.068,15.639,5.404,4.712,4.07,4.699,14,29,17.284,35.802,41.0,40.0,1063.0,1095.0,54.8,60.1,77.4,51.4,60.9
961b8ff1,TP Alsop,Hampshire/Sussex,2014-2024,87,53,3054,6490,38.658,182,True,182*,8,16,47.057,363,9,1506,49.312,5.732,25.302,Middle order,95.402,3.0,3.448,95.402,0.0,1.149,11.079,11.517,10.509,1.008,58.808,5.676,4.383,4.654,18.291,6.044,4.754,5.867,3.795,12,31,13.793,35.632,45.0,42.0,1796.0,1258.0,58.7,59.6,60.1,50.0,57.1
ab01e323,SA Zaib,Northamptonshire,2015-2026,78,49,2953,4675,39.905,196,True,196*,9,16,63.166,340,33,1558,52.76,7.979,32.427,All-rounder / keeper,50.0,6.0,1.282,37.179,50.0,11.538,13.287,13.196,13.407,-0.211,56.248,5.952,4.374,4.874,17.471,6.349,4.767,4.813,4.122,16,34,20.513,43.59,41.0,37.0,1661.0,1292.0,88.0,59.1,91.3,83.2,80.4
1066a976,AL Hughes,Derbyshire,2014-2022,95,55,2711,5765,32.274,142,False,142,5,10,47.025,350,9,1454,53.633,6.227,23.252,Middle order,64.211,5.0,0.0,64.211,34.737,1.053,10.775,9.396,12.182,-2.785,44.043,5.507,4.348,4.203,18.644,5.949,4.816,4.483,4.279,15,34,15.789,35.789,48.0,47.0,1194.0,1517.0,53.4,58.7,72.6,51.0,58.9
8479a24a,KK Jennings,Durham/Lancashire,2017-2026,84,47,2612,5554,33.063,112,False,112,2,18,47.029,341,8,1412,54.058,6.284,23.055,Opener,100.0,2.0,100.0,0.0,0.0,0.0,12.147,10.826,13.392,-2.567,43.262,6.039,4.332,4.425,16.742,6.515,4.724,3.976,5.771,15,40,17.857,47.619,40.0,44.0,1130.0,1482.0,76.0,58.2,80.8,91.8,76.7
70542bef,HJH Marshall,Gloucestershire,2014-2016,65,40,2300,4455,38.333,135,False,135,6,13,51.627,276,8,1152,50.087,6.375,27.523,Middle order,95.385,5.0,0.0,95.385,4.615,0.0,12.332,14.715,10.035,4.68,58.565,5.441,4.32,4.534,17.653,5.815,4.589,6.691,3.088,14,27,21.538,41.538,30.0,35.0,1347.0,953.0,78.8,57.7,93.8,73.6,76.0
a77472dc,G Stewart,Kent/Sussex,2017-2026,42,23,1263,1570,35.083,182,False,182,3,6,80.446,144,39,810,64.133,11.656,32.66,Lower order,83.333,8.0,0.0,2.381,14.286,83.333,12.541,9.492,15.788,-6.297,39.034,5.383,4.318,5.136,20.085,5.796,4.803,3.077,6.596,6,17,14.286,40.476,23.0,19.0,493.0,770.0,82.2,57.2,64.7,69.2,68.3
8108e2d2,DKH Mitchell,Worcestershire,2014-2019,97,54,3471,6925,39.0,172,True,172*,14,11,50.123,428,7,1754,50.533,6.282,26.456,Opener,100.0,1.0,100.0,0.0,0.0,0.0,13.34,12.211,14.697,-2.485,49.986,6.723,4.285,6.929,28.261,7.127,4.609,3.904,5.676,18,39,18.557,40.206,51.0,46.0,1735.0,1736.0,88.9,56.7,84.1,67.8,74.4
fd96de7c,JJ Bohannon,Lancashire,2019-2026,56,32,1615,3166,31.058,174,False,174,3,5,51.011,212,11,914,56.594,7.044,23.819,Middle order,94.643,3.0,0.0,94.643,1.786,3.571,10.584,14.245,7.424,6.822,62.353,5.165,4.274,4.586,21.997,5.539,4.704,5.733,3.876,7,17,12.5,30.357,26.0,30.0,1007.0,608.0,51.4,56.2,54.1,33.7,48.8
e68dd455,JS Foster,Essex,2014-2016,55,40,1933,3375,39.449,132,False,132,3,12,57.274,247,17,1090,56.389,7.822,27.097,All-rounder / keeper,36.364,7.0,0.0,27.273,36.364,36.364,11.065,11.452,10.698,0.755,50.336,5.511,4.247,4.595,22.411,5.894,4.594,4.4,4.214,6,23,10.909,41.818,26.0,29.0,973.0,960.0,57.7,55.8,44.2,75.5,58.3
8f938a32,DJ Bell-Drummond,Kent,2014-2026,152,84,4482,9053,31.787,223,False,223,8,21,49.508,613,11,2518,56.18,6.893,23.301,Opener,63.816,1.0,63.816,32.895,3.289,0.0,11.14,11.35,10.949,0.401,48.438,5.9,4.245,5.2,32.836,6.33,4.511,3.914,4.551,25,61,16.447,40.132,72.0,80.0,2171.0,2311.0,59.6,55.3,76.0,67.1,64.5
83e74e91,TC Fell,Worcestershire,2014-2022,62,33,1506,3207,25.1,133,False,133,2,5,46.96,214,2,868,57.636,6.735,21.331,Middle order,87.097,3.0,11.29,87.097,1.613,0.0,9.065,8.079,10.333,-2.254,50.133,4.571,4.23,3.416,16.429,4.864,4.393,2.979,4.555,7,22,11.29,35.484,34.0,28.0,755.0,751.0,34.1,54.8,46.6,48.6,46.0
dc670143,NJ Dexter,Leicestershire,2016-2019,66,39,1945,4014,31.885,180,False,180,5,6,48.455,262,8,1096,56.35,6.726,22.676,Middle order,68.182,3.0,0.0,68.182,30.303,1.515,11.086,13.692,8.858,4.834,56.915,5.525,4.217,4.869,18.453,5.975,4.421,5.263,3.445,10,24,15.152,36.364,31.0,35.0,1107.0,838.0,59.1,54.3,68.3,52.4,58.5
72898514,WT Root,Glamorgan/Nottinghamshire,2017-2025,85,50,2518,4439,32.701,132,False,132,3,13,56.724,336,5,1374,54.567,7.682,27.916,All-rounder / keeper,41.176,5.0,22.353,35.294,41.176,1.176,9.733,9.612,9.823,-0.212,42.375,4.656,4.21,3.411,14.653,4.929,4.442,4.158,4.291,11,28,12.941,32.941,37.0,48.0,1067.0,1451.0,42.3,53.8,56.7,38.9,47.9
4167f30b,IG Holland,Hampshire/Leicestershire,2021-2025,46,29,1487,3233,33.795,146,True,146*,3,9,45.994,194,5,806,54.203,6.155,22.446,Opener,56.522,2.0,56.522,21.739,21.739,0.0,10.779,13.28,8.998,4.282,51.244,5.951,4.147,5.656,23.907,6.399,4.404,5.133,4.084,7,19,15.217,41.304,19.0,27.0,762.0,725.0,53.8,53.4,68.8,72.1,62.0
450f6fa6,GG Wagg,Glamorgan,2014-2019,86,50,2468,3904,32.907,200,False,200,4,13,63.217,289,56,1492,60.454,8.837,27.423,All-rounder / keeper,50.0,7.5,0.0,0.0,50.0,50.0,10.277,10.367,10.183,0.185,51.459,4.78,4.119,3.881,16.118,5.103,4.332,4.817,4.108,8,33,9.302,38.372,45.0,41.0,1270.0,1198.0,47.6,52.9,35.8,61.1,49.4
9c643d7b,JM Coles,Sussex,2022-2024,48,31,1735,2918,38.556,180,False,180,4,8,59.459,213,23,990,57.061,8.088,27.778,Middle order,70.833,5.0,0.0,70.833,22.917,6.25,11.348,13.836,8.418,5.419,65.937,5.562,4.116,4.219,18.082,5.913,4.462,7.023,3.954,5,18,10.417,37.5,22.0,26.0,1144.0,591.0,63.5,52.4,40.4,57.5,53.4
a510bdd3,EG Barnard,Worcestershire,2016-2022,75,49,2229,4053,35.381,163,True,163*,3,13,54.996,286,10,1204,54.015,7.303,27.282,Lower order,52.0,8.0,0.0,4.0,44.0,52.0,10.303,9.362,11.39,-2.028,48.677,4.973,4.079,3.913,17.151,5.316,4.22,3.947,4.531,9,26,12.0,34.667,40.0,35.0,1085.0,1144.0,48.6,51.9,51.4,45.7,49.4
4bb5dc96,WA Tavare,Gloucestershire,2014-2017,77,44,2176,4913,29.808,139,False,139,5,10,44.291,290,6,1196,54.963,6.025,21.226,Opener,57.143,2.0,57.143,41.558,0.0,1.299,10.985,10.702,11.268,-0.567,48.713,5.228,4.076,4.153,14.493,5.603,4.356,2.978,5.892,11,34,14.286,44.156,36.0,41.0,1060.0,1116.0,56.7,51.4,64.7,83.7,64.1
542fd5a6,IA Cockbain,Gloucestershire,2014-2021,44,26,1043,2794,24.833,151,True,151*,2,5,37.33,126,5,534,51.198,4.689,19.114,Middle order,81.818,5.0,0.0,81.818,18.182,0.0,9.074,9.682,8.354,1.328,57.814,3.946,4.068,3.078,12.138,4.219,4.332,3.433,4.25,3,15,6.818,34.091,23.0,21.0,603.0,440.0,34.6,51.0,27.4,43.0,39.0
793977d8,JA Tattersall,Gloucestershire/Leicestershire/Surrey/Yorkshire,2021-2025,40,27,1222,1986,37.03,126,False,126,2,5,61.531,161,5,674,55.155,8.359,30.11,All-rounder / keeper,82.5,6.0,0.0,7.5,82.5,10.0,9.248,6.521,11.889,-5.368,34.697,4.894,4.064,4.299,18.367,5.18,4.358,2.795,5.557,2,12,5.0,30.0,17.0,23.0,424.0,798.0,36.1,50.5,20.7,32.7,35.0
3d284ca3,PD Salt,Lancashire/Sussex,2016-2025,52,30,1361,1915,26.686,130,False,130,3,6,71.07,182,10,788,57.899,10.026,33.256,Opener,80.769,2.0,80.769,5.769,13.462,0.0,9.778,9.538,9.963,-0.425,42.469,4.822,4.006,3.792,12.5,5.193,4.429,1.719,4.196,9,19,17.308,36.538,23.0,29.0,578.0,783.0,43.3,50.0,77.9,52.9,56.0
35f9a295,LJ Hill,Leicestershire,2015-2025,149,89,4279,8041,31.234,162,True,162*,6,25,53.215,531,13,2202,51.461,6.765,27.704,Middle order,61.074,4.0,6.04,61.074,28.859,4.027,10.087,10.155,10.023,0.132,49.334,5.065,3.992,4.088,22.979,5.45,4.348,4.011,3.303,17,53,11.409,35.57,72.0,77.0,2111.0,2168.0,45.7,49.5,47.1,49.5,48.0
bdc0670a,LBK Hollman,Middlesex,2021-2026,51,34,1455,2878,29.694,103,False,103,1,8,50.556,202,8,856,58.832,7.297,22.451,Lower order,49.02,7.0,11.765,19.608,19.608,49.02,9.314,10.619,8.15,2.47,53.746,4.406,3.988,3.137,12.602,4.694,4.195,4.19,3.988,8,17,15.686,33.333,23.0,28.0,782.0,673.0,36.5,49.0,71.2,40.1,49.2
fe4ebca0,JA Haynes,Worcestershire,2019-2023,47,28,1479,2808,35.214,134,True,134*,5,2,52.671,197,2,800,54.091,7.087,26.025,Middle order,95.745,4.0,4.255,95.745,0.0,0.0,11.538,10.046,12.809,-2.763,40.027,5.164,3.975,4.153,14.19,5.491,4.504,3.944,4.477,5,15,10.638,31.915,24.0,23.0,592.0,887.0,67.8,48.6,41.8,36.1,48.6
4fd09cfc,G Clark,Durham,2017-2026,84,54,2540,4494,31.358,128,False,128,4,14,56.52,319,23,1414,55.669,7.61,27.119,Middle order,71.429,5.0,0.0,71.429,27.381,1.19,9.871,10.832,9.08,1.752,49.528,4.603,3.96,3.497,15.395,4.938,4.225,4.329,3.655,10,28,11.905,33.333,39.0,45.0,1258.0,1282.0,44.2,48.1,50.7,40.1,45.8
5899dceb,CT Steel,Durham/Hampshire/Surrey,2017-2021,60,33,1700,4094,29.31,224,False,224,3,8,41.524,204,4,840,49.412,5.081,22.131,Opener,71.667,2.0,71.667,25.0,1.667,1.667,11.301,12.481,10.356,2.126,49.118,5.829,3.938,7.18,34.515,6.222,4.217,4.682,3.315,7,21,11.667,35.0,27.0,33.0,835.0,865.0,62.5,47.6,48.1,46.2,51.1
ad212f96,RF Higgins,Gloucestershire/Middlesex,2018-2026,123,78,3906,6266,35.509,221,False,221,11,11,62.336,468,34,2076,53.149,8.011,31.749,All-rounder / keeper,62.602,6.0,0.0,33.333,62.602,4.065,11.416,10.92,12.024,-1.104,52.688,4.977,3.935,4.514,18.025,5.323,4.282,3.912,4.188,15,45,12.195,36.585,64.0,59.0,2058.0,1848.0,65.9,47.1,52.4,53.4,54.7
4531f249,RK Patel,Leicestershire,2021-2025,85,50,2964,5384,37.05,179,False,179,7,13,55.052,416,39,1898,64.035,8.451,21.627,Opener,85.882,1.0,85.882,11.765,1.176,1.176,12.045,13.256,11.09,2.166,48.516,6.001,3.889,5.078,23.95,6.439,4.242,4.594,3.889,19,33,22.353,38.824,37.0,48.0,1438.0,1526.0,73.6,46.6,94.7,62.0,69.2
58c481c6,JJ Cobb,Leicestershire/Northamptonshire,2014-2021,97,54,2365,4469,27.824,137,False,137,1,15,52.92,314,25,1406,59.45,7.586,23.22,All-rounder / keeper,50.515,6.0,0.0,41.237,50.515,8.247,9.246,9.209,9.283,-0.075,49.556,4.192,3.871,2.909,12.036,4.482,4.135,4.065,3.309,7,34,7.216,35.052,46.0,51.0,1172.0,1193.0,35.6,46.2,29.8,46.6,39.6
3c77ca9d,WJ Durston,Derbyshire,2014-2016,43,25,1039,1544,30.559,85,False,85,0,7,67.293,148,5,622,59.865,9.909,29.978,Middle order,62.791,5.0,0.0,62.791,32.558,4.651,9.565,11.316,7.824,3.493,58.999,4.457,3.774,3.214,10.066,4.847,4.199,4.767,2.875,4,17,9.302,39.535,21.0,22.0,613.0,426.0,40.4,45.7,35.8,63.7,46.4
d510d457,EJH Eckersley,Durham/Leicestershire,2014-2022,141,80,3437,6978,25.842,147,False,147,5,15,49.255,427,5,1738,50.567,6.191,25.955,Middle order,50.355,5.0,5.674,50.355,40.426,3.546,9.743,10.221,9.257,0.963,52.924,4.552,3.769,3.858,19.386,4.921,4.04,4.736,3.382,12,51,8.511,36.17,71.0,70.0,1819.0,1618.0,42.8,45.2,31.7,51.9,42.9
0bec3a6c,BAC Howell,Gloucestershire,2014-2019,80,48,1982,3498,26.427,163,False,163,2,9,56.661,241,23,1102,55.6,7.547,27.211,All-rounder / keeper,35.0,6.0,16.25,31.25,35.0,17.5,9.518,8.764,10.572,-1.809,53.683,4.59,3.755,3.484,13.652,4.93,4.123,3.726,3.923,11,26,13.75,32.5,44.0,36.0,1064.0,918.0,38.9,44.7,59.6,36.5,44.9
a63dfe8a,JJG Sales,Northamptonshire,2021-2026,54,34,1820,3252,39.565,164,False,164,5,7,55.966,221,9,938,51.538,7.073,29.186,Middle order,51.852,4.5,0.0,51.852,38.889,9.259,11.507,14.273,7.548,6.725,73.022,5.327,3.745,4.159,14.869,5.656,4.125,6.038,2.831,7,19,12.963,35.185,29.0,25.0,1329.0,491.0,67.3,44.2,57.2,47.8,54.1
e22d3b5c,RI Keogh,Northamptonshire,2015-2025,131,77,3472,6740,28.0,163,True,163*,8,12,51.513,447,7,1830,52.707,6.736,26.122,Middle order,83.969,5.0,0.763,83.969,13.74,1.527,9.536,9.931,9.153,0.777,51.296,4.587,3.728,3.712,14.96,4.905,4.026,4.176,3.158,12,39,9.16,29.771,65.0,66.0,1781.0,1691.0,39.4,43.8,35.1,31.7,37.5
eba62359,ML Pettini,Essex/Leicestershire,2014-2017,44,27,1293,2604,34.026,142,True,142*,4,5,49.654,159,5,666,51.508,6.298,25.697,Middle order,65.909,5.0,4.545,65.909,29.545,0.0,11.072,8.704,13.603,-4.899,40.603,5.454,3.721,5.498,21.179,5.892,3.922,2.021,3.944,4,17,9.091,38.636,24.0,20.0,525.0,768.0,58.2,43.3,34.4,61.5,49.4
c4450a69,SP Crook,Northamptonshire,2015-2018,42,27,1371,1910,37.054,145,False,145,3,5,71.78,178,4,736,53.683,9.529,36.748,All-rounder / keeper,54.762,7.0,0.0,2.381,54.762,42.857,10.632,9.135,12.007,-2.872,41.138,4.879,3.704,4.482,16.415,5.226,3.869,3.659,4.902,5,14,11.905,33.333,20.0,22.0,564.0,807.0,52.4,42.8,50.7,40.1,46.5
5ad508c9,ST Evans,Leicestershire,2017-2023,43,24,1084,2889,26.439,138,False,138,3,4,37.522,127,0,508,46.863,4.396,20.854,Opener,95.349,2.0,95.349,4.651,0.0,0.0,10.527,7.99,12.814,-4.824,35.978,4.682,3.699,3.713,13.659,5.061,3.985,2.612,3.968,6,14,13.953,32.558,19.0,24.0,390.0,694.0,51.0,42.3,61.3,37.5,48.0
8159d5fc,BD Guest,Derbyshire/Lancashire,2019-2026,111,67,3443,7057,33.106,197,False,197,7,16,48.788,406,12,1696,49.259,5.923,26.314,Middle order,82.883,3.0,0.0,82.883,14.414,2.703,10.457,10.955,10.025,0.931,48.62,4.785,3.695,4.159,17.796,5.071,3.817,3.582,3.91,14,38,12.613,34.234,51.0,60.0,1674.0,1769.0,49.0,41.6,55.3,43.8,47.4
bfc60227,SG Budinger,Leicestershire,2022-2025,54,31,1421,1699,26.811,118,False,118,1,8,83.637,210,15,930,65.447,13.243,33.311,Opener,100.0,2.0,100.0,0.0,0.0,0.0,8.882,9.48,8.268,1.212,54.046,4.852,3.695,3.644,16.353,5.2,4.039,3.339,4.092,8,19,14.815,35.185,27.0,27.0,768.0,653.0,32.2,41.6,66.3,47.8,47.0
fd8a9b23,GH Rhodes,Leicestershire/Worcestershire,2016-2022,43,22,872,2142,23.568,61,True,61*,0,5,40.71,120,0,480,55.046,5.602,19.387,Middle order,83.721,5.0,9.302,83.721,2.326,4.651,8.145,7.269,9.365,-2.096,51.95,4.142,3.662,3.022,11.434,4.408,3.869,3.081,4.589,3,13,6.977,30.233,24.0,19.0,453.0,419.0,28.8,40.9,28.4,33.2,32.8
932d3cc9,FJ Hudson-Prentice,Derbyshire/Sussex,2016-2024,64,40,1772,2456,30.552,99,False,99,0,14,72.15,235,20,1060,59.819,10.383,32.349,All-rounder / keeper,51.562,7.0,3.125,14.062,51.562,31.25,9.057,8.956,9.201,-0.245,58.239,4.454,3.656,3.268,14.216,4.713,3.928,3.411,3.793,8,22,12.5,34.375,36.0,28.0,1032.0,740.0,33.7,40.4,54.1,44.2,43.1
211de69f,Azhar Ali,Worcestershire,2022-2023,42,25,1268,2781,30.927,225,False,225,3,4,45.595,155,2,632,49.842,5.645,24.238,Middle order,95.238,3.0,4.762,95.238,0.0,0.0,10.593,12.502,8.906,3.596,55.363,5.073,3.655,5.457,25.14,5.398,3.882,3.667,3.478,4,13,9.524,30.952,22.0,20.0,702.0,566.0,51.9,39.9,37.3,34.1,40.8
ffdba4e2,BG Charlesworth,Gloucestershire,2018-2026,90,54,2697,5547,32.494,210,False,210,4,13,48.621,342,30,1548,57.397,6.706,22.203,Opener,68.889,2.0,68.889,8.889,16.667,5.556,10.476,10.602,10.353,0.249,49.981,5.269,3.629,5.834,35.0,5.637,4.022,3.273,4.795,9,32,10.0,35.556,44.0,46.0,1348.0,1349.0,49.5,39.4,39.7,49.0,44.4
aa8d28ae,D Wiese,Sussex,2016-2019,59,40,1434,2016,27.057,106,False,106,1,9,71.131,195,20,900,62.762,10.665,29.65,All-rounder / keeper,50.847,7.0,0.0,0.0,50.847,49.153,8.393,8.545,8.219,0.326,54.324,4.027,3.62,3.605,15.719,4.377,3.807,3.891,2.503,7,16,11.864,27.119,30.0,29.0,779.0,655.0,29.3,38.9,50.0,28.8,36.8
d26e0405,MK Andersson,Derbyshire/Middlesex,2018-2026,71,44,2119,3297,32.6,228,False,228,6,8,64.271,269,17,1178,55.592,8.675,31.252,All-rounder / keeper,54.93,6.0,0.0,26.761,54.93,18.31,10.948,11.752,10.225,1.526,50.779,4.642,3.616,4.057,18.225,4.942,3.814,2.616,3.902,10,27,14.085,38.028,33.0,38.0,1076.0,1043.0,56.2,38.5,63.5,58.7,54.2
bcb01d8c,RWT Key,Kent,2014-2015,43,24,1061,2205,25.262,158,False,158,1,5,48.118,132,2,540,50.895,6.077,25.157,Opener,72.093,2.0,72.093,27.907,0.0,0.0,9.919,8.562,10.86,-2.298,35.344,4.705,3.602,4.315,20.93,5.028,3.775,3.602,3.779,5,16,11.628,37.209,17.0,26.0,375.0,686.0,44.7,38.0,47.6,55.8,46.5
d346d939,RA Whiteley,Derbyshire/Worcestershire,2014-2024,62,37,1406,2858,24.241,88,False,88,0,10,49.195,167,40,908,64.58,7.243,18.785,All-rounder / keeper,79.032,6.0,0.0,16.129,79.032,4.839,8.093,9.006,7.169,1.836,55.974,3.863,3.594,2.816,12.458,4.124,3.789,3.985,2.565,3,17,4.839,27.419,31.0,31.0,787.0,619.0,28.4,37.5,19.2,29.3,28.6
d12cead8,Zain-ul-Hassan,Glamorgan,2023-2025,51,29,1143,2792,23.812,69,False,69,0,4,40.938,156,2,636,55.643,5.659,19.248,Opener,90.196,1.0,90.196,1.961,5.882,1.961,7.269,7.466,7.101,0.365,47.244,3.63,3.589,2.489,10.312,3.861,3.854,3.726,3.147,2,14,3.922,27.451,25.0,26.0,540.0,603.0,22.6,37.0,16.8,29.8,26.6
b5781ac3,L Trevaskis,Durham/Leicestershire,2017-2025,57,38,1376,3153,29.913,88,False,88,0,10,43.641,157,5,658,47.82,5.138,24.005,All-rounder / keeper,57.895,7.0,3.509,7.018,57.895,31.579,8.035,7.542,8.353,-0.811,36.846,3.824,3.554,2.97,10.714,4.07,3.879,3.636,3.463,5,14,8.772,24.561,22.0,35.0,507.0,869.0,27.4,36.5,33.2,23.1,30.0
6feb46a4,LD McManus,Hampshire/Northamptonshire,2021-2026,67,45,1804,3695,35.373,168,True,168*,2,8,48.823,214,22,988,54.767,6.387,23.591,All-rounder / keeper,52.239,7.0,8.955,1.493,52.239,37.313,8.934,6.633,11.758,-5.125,40.909,4.029,3.519,3.191,12.914,4.324,3.934,2.621,4.658,6,22,8.955,32.836,36.0,31.0,738.0,1066.0,32.7,36.1,33.7,38.5,35.2
2344bdd1,SR Dickson,Durham/Kent,2015-2022,80,47,2920,5446,38.933,318,False,318,8,11,53.617,342,27,1530,52.397,6.776,27.378,Opener,90.0,2.0,90.0,7.5,2.5,0.0,13.267,13.456,13.088,0.368,49.144,6.896,3.483,8.321,46.269,7.369,3.795,3.502,3.483,14,34,17.5,42.5,38.0,42.0,1435.0,1485.0,87.5,35.6,79.6,78.1,70.2
0c7f11be,DL Lloyd,Derbyshire/Glamorgan,2014-2025,177,99,4622,7418,28.183,313,True,313*,5,21,62.308,663,32,2844,61.532,9.369,26.447,Opener,37.853,4.0,37.853,35.593,19.209,7.345,9.445,9.712,9.23,0.481,45.824,4.646,3.466,4.286,29.089,4.94,3.757,3.486,3.466,17,56,9.605,31.638,85.0,92.0,2118.0,2504.0,38.5,35.1,38.0,34.6,36.6
aed5be04,JMR Taylor,Gloucestershire,2014-2026,110,70,3039,4866,28.943,156,False,156,7,9,62.454,397,41,1834,60.349,9.001,27.213,All-rounder / keeper,60.0,7.0,0.0,10.909,60.0,29.091,9.869,9.501,10.331,-0.831,53.537,4.55,3.461,4.166,19.118,4.898,3.671,4.059,3.101,13,38,11.818,34.545,60.0,50.0,1627.0,1412.0,43.8,34.6,49.0,44.7,43.0
ed8faea2,TGR Clark,Sussex,2019-2024,63,38,1789,3871,29.817,138,False,138,3,11,46.215,235,5,970,54.22,6.2,22.556,Opener,50.794,2.0,50.794,44.444,4.762,0.0,8.856,8.768,8.967,-0.199,55.17,4.677,3.441,3.855,16.223,4.979,3.592,4.348,2.781,7,20,11.111,31.746,32.0,31.0,987.0,802.0,31.7,34.1,45.7,35.1,36.6
a4b810d0,MJ Waite,Worcestershire,2022-2026,43,26,1131,1887,32.314,109,True,109*,1,8,59.936,141,10,624,55.172,8.002,29.205,All-rounder / keeper,58.14,7.0,0.0,2.326,58.14,39.535,9.972,8.141,11.829,-3.689,41.114,4.604,3.439,3.745,16.273,4.929,3.613,2.862,4.693,7,16,16.279,37.209,23.0,20.0,465.0,666.0,45.2,33.7,74.5,55.8,52.3
344c6d55,JJ Carson,Sussex,2022-2024,42,26,1004,1662,27.135,97,False,97,0,7,60.409,133,13,610,60.757,8.785,25.989,Lower order,92.857,9.0,0.0,2.381,4.762,92.857,7.295,7.336,7.227,0.11,63.147,3.791,3.405,2.769,11.545,4.001,3.672,2.638,4.278,2,9,4.762,21.429,24.0,18.0,634.0,370.0,23.6,33.2,18.5,19.0,23.6
c5cc48bc,MJJ Critchley,Derbyshire,2015-2019,65,40,1775,2867,29.583,137,True,137*,3,8,61.911,242,8,1016,57.239,8.72,29.003,All-rounder / keeper,67.692,7.0,0.0,7.692,67.692,24.615,10.282,11.159,9.362,1.797,55.549,4.519,3.4,3.728,14.409,4.863,3.579,3.712,2.989,7,24,10.769,36.923,34.0,31.0,986.0,789.0,48.1,32.7,42.8,54.3,44.5
ba377b40,GL van Buuren,Gloucestershire,2016-2026,127,77,3717,6056,34.101,187,False,187,8,19,61.377,478,27,2074,55.798,8.339,29.598,All-rounder / keeper,53.543,6.0,0.0,31.496,53.543,14.961,10.22,10.159,10.287,-0.128,51.87,5.308,3.388,6.11,42.273,5.686,3.669,2.983,3.936,15,44,11.811,34.646,66.0,61.0,1928.0,1789.0,46.2,32.2,48.6,45.2,43.0
e2caec46,GA Bartlett,Northamptonshire/Somerset,2021-2026,64,39,1728,3321,32.604,126,True,126*,2,12,52.033,217,18,976,56.481,7.076,24.368,Middle order,64.062,5.0,0.0,64.062,28.125,7.812,9.377,8.364,10.475,-2.111,46.412,4.581,3.371,3.655,14.623,4.908,3.75,3.019,3.599,9,15,14.062,23.438,31.0,33.0,802.0,926.0,37.5,31.7,63.0,21.6,38.4
7f3f108f,CF Hughes,Derbyshire/Northamptonshire,2014-2017,56,30,1674,3427,32.824,137,True,137*,5,8,48.847,224,11,962,57.467,6.857,22.306,Middle order,60.714,3.0,30.357,60.714,8.929,0.0,11.499,7.587,15.227,-7.639,32.198,5.433,3.306,4.919,18.39,5.812,3.603,2.349,6.969,9,19,16.071,33.929,27.0,29.0,539.0,1135.0,66.8,31.2,74.0,41.8,53.4
1ad0b441,K Noema-Barnett,Gloucestershire,2015-2018,50,33,1106,2256,26.976,84,False,84,0,6,49.025,132,15,618,55.877,6.516,23.139,All-rounder / keeper,58.0,7.0,0.0,0.0,58.0,42.0,7.771,7.964,7.502,0.462,59.765,3.415,3.283,2.685,10.052,3.652,3.455,3.205,3.347,3,13,6.0,26.0,26.0,24.0,661.0,445.0,25.5,30.8,23.1,25.0,26.1
6b16f8ba,HZ Finch,Kent/Sussex,2016-2026,85,49,1943,3752,24.91,118,False,118,2,14,51.786,278,4,1136,58.466,7.516,23.256,Middle order,47.059,4.0,27.059,47.059,21.176,4.706,8.068,8.424,7.71,0.713,52.393,3.917,3.228,3.353,15.344,4.196,3.499,3.415,2.998,9,23,10.588,27.059,41.0,44.0,1018.0,925.0,27.9,30.3,40.9,28.4,31.9
40e4cf47,MF Hurst,Lancashire,2025-2026,43,24,1085,2137,28.553,106,False,106,1,5,50.772,111,14,528,48.664,5.849,27.684,Middle order,46.512,5.0,13.953,46.512,39.535,0.0,9.636,9.579,9.682,-0.103,44.24,4.687,3.186,3.265,11.444,5.066,3.452,3.15,5.317,3,16,6.977,37.209,18.0,25.0,480.0,605.0,40.9,29.8,28.4,55.8,38.7
cabf72cc,MA Wallace,Glamorgan,2014-2016,66,39,1604,2805,27.186,92,False,92,0,11,57.184,200,3,818,50.998,7.237,30.208,All-rounder / keeper,50.0,7.0,16.667,7.576,50.0,25.758,8.972,8.761,9.214,-0.453,52.057,4.101,3.117,2.698,10.652,4.387,3.23,3.075,3.364,6,21,9.091,31.818,36.0,30.0,835.0,769.0,33.2,29.3,34.4,35.6,33.1
ffe699c0,CJ Jordan,Sussex,2016-2019,47,31,1312,2274,32.0,166,False,166,2,8,57.696,181,5,754,57.47,8.179,26.724,Lower order,72.34,8.0,0.0,0.0,27.66,72.34,9.152,11.233,7.477,3.755,54.726,4.237,3.109,3.862,13.677,4.568,3.398,4.386,2.653,5,14,10.638,29.787,18.0,29.0,718.0,594.0,35.1,28.8,41.8,32.2,34.5
cca50cd6,LJ Wright,Sussex,2016-2018,40,24,1138,1801,29.179,118,False,118,1,6,63.187,164,11,722,63.445,9.717,25.584,Middle order,80.0,5.0,0.0,80.0,20.0,0.0,9.44,9.356,9.524,-0.168,49.385,4.586,3.108,4.034,13.689,4.927,3.313,3.029,4.747,2,17,5.0,42.5,17.0,23.0,562.0,576.0,38.0,28.4,20.7,78.1,41.3
eddf25bd,CAJ Meschede,Glamorgan,2015-2018,55,33,1459,2119,31.043,107,False,107,2,8,68.853,210,21,966,66.21,10.901,26.112,Lower order,65.455,8.0,0.0,0.0,34.545,65.455,9.351,11.502,6.318,5.184,71.967,4.335,2.99,3.609,13.403,4.639,3.158,5.171,1.908,6,21,10.909,38.182,33.0,22.0,1050.0,409.0,37.0,27.9,44.2,59.6,42.2
9f812582,LPJ Kimber,Leicestershire/Northamptonshire,2022-2026,62,39,1435,2181,24.322,243,False,243,2,6,65.796,188,38,980,68.293,10.362,23.274,Middle order,45.161,5.0,6.452,45.161,30.645,17.742,7.772,6.921,8.409,-1.489,38.118,3.452,2.98,3.497,18.724,3.721,3.212,3.036,2.753,5,15,8.065,24.194,28.0,34.0,547.0,888.0,26.0,27.4,31.2,22.1,26.7
ac3c3cab,TAR Scriven,Leicestershire,2022-2025,49,33,1114,1858,30.108,99,False,99,0,8,59.957,141,8,612,54.937,8.019,29.374,Lower order,81.633,9.0,0.0,0.0,18.367,81.633,7.788,6.092,9.518,-3.427,39.497,3.475,2.805,2.741,10.808,3.688,3.035,2.057,2.927,1,13,2.041,26.531,24.0,25.0,440.0,674.0,26.4,26.9,11.5,26.0,22.7
867a45a7,TAI Taylor,Derbyshire/Leicestershire/Northamptonshire/Worcestershire,2014-2026,64,40,1042,2237,19.66,80,False,80,0,3,46.58,126,12,576,55.278,6.169,22.201,Lower order,87.5,9.0,1.562,6.25,4.688,87.5,6.565,6.747,6.382,0.366,51.44,2.721,2.766,2.105,9.165,2.942,2.913,3.095,2.527,1,10,1.562,15.625,31.0,33.0,536.0,506.0,19.2,26.4,8.2,13.0,16.7
fe5b4367,ZJ Chappell,Derbyshire/Leicestershire,2015-2026,71,45,1524,2533,24.581,96,False,96,0,7,60.166,185,23,878,57.612,8.212,27.785,Lower order,97.183,8.0,1.408,0.0,1.408,97.183,7.47,7.085,7.881,-0.796,49.016,3.121,2.76,2.279,9.127,3.333,2.883,2.751,2.771,5,19,7.042,26.761,37.0,34.0,747.0,777.0,24.5,26.0,29.3,26.9,26.7
95fd757d,HJ Swindells,Leicestershire,2019-2024,53,31,1205,2815,23.627,171,True,171*,2,5,42.806,146,3,602,49.959,5.293,22.618,All-rounder / keeper,94.34,6.0,0.0,3.774,94.34,1.887,8.774,8.694,8.866,-0.171,52.78,4.07,2.758,3.936,18.269,4.378,3.03,3.071,2.651,4,12,7.547,22.642,27.0,26.0,636.0,569.0,31.2,25.5,30.3,20.7,26.9
94eac556,CJ McKay,Leicestershire,2015-2017,52,33,921,1427,20.467,65,False,65,0,3,64.541,133,13,610,66.232,10.231,24.278,Lower order,98.077,9.0,0.0,0.0,1.923,98.077,6.781,6.544,7.013,-0.469,47.774,2.994,2.728,2.217,7.463,3.243,3.022,2.158,3.359,3,13,5.769,25.0,28.0,24.0,440.0,481.0,20.2,25.0,22.6,23.6,22.8
ae01eb1e,HR Hosein,Derbyshire,2014-2019,63,37,1489,3219,29.196,91,True,91*,0,12,46.257,161,3,662,44.459,5.095,27.07,All-rounder / keeper,74.603,7.0,4.762,6.349,74.603,14.286,8.492,8.864,8.072,0.792,55.339,3.949,2.7,3.57,14.941,4.238,3.018,2.678,3.11,4,16,6.349,25.397,35.0,28.0,824.0,665.0,29.8,24.5,24.5,24.0,25.7
c41ba637,HE Dearden,Leicestershire,2016-2021,51,29,950,2310,19.388,87,False,87,0,4,41.126,139,2,568,59.789,6.104,17.612,Opener,50.98,2.0,50.98,19.608,27.451,1.961,7.828,8.785,7.026,1.759,51.158,3.608,2.625,2.644,9.294,3.899,2.846,4.259,2.095,5,13,9.804,25.49,22.0,29.0,486.0,464.0,26.9,24.0,38.5,24.5,28.5
4c0f3806,BA Raine,Durham/Leicestershire,2014-2026,154,102,3163,6004,23.604,106,False,106,2,13,52.682,390,15,1650,52.166,6.746,27.023,Lower order,83.117,8.0,0.0,0.0,16.883,83.117,7.25,8.25,6.0,2.25,63.231,3.426,2.619,3.129,16.174,3.711,2.821,3.633,2.057,10,43,6.494,27.922,83.0,71.0,2000.0,1163.0,21.6,23.6,25.5,30.3,25.2
1a45b864,AG Salter,Glamorgan,2014-2023,93,57,1919,4472,24.291,90,False,90,0,8,42.911,257,19,1142,59.51,6.172,18.518,Lower order,56.989,8.0,21.505,6.452,15.054,56.989,7.279,8.265,6.254,2.011,57.895,3.34,2.564,2.883,14.405,3.552,2.719,2.723,2.327,6,19,6.452,20.43,49.0,44.0,1111.0,808.0,23.1,23.1,25.0,17.8,22.2
e142c599,Anuj Dal,Derbyshire,2018-2026,86,57,2330,4570,32.361,146,True,146*,4,11,50.985,241,6,1000,42.918,5.405,30.766,All-rounder / keeper,69.767,7.0,0.0,1.163,69.767,29.07,8.718,8.156,9.167,-1.011,41.545,3.816,2.537,3.904,19.693,4.047,2.715,2.537,2.624,6,23,6.977,26.744,39.0,47.0,968.0,1362.0,30.8,22.6,28.4,26.4,27.1
23dee937,GP Balderson,Lancashire,2025-2026,44,26,723,1442,19.541,82,False,82,0,4,50.139,102,7,450,62.241,7.559,20.48,Lower order,45.455,7.0,11.364,0.0,43.182,45.455,6.288,5.88,6.617,-0.737,41.77,2.922,2.516,2.138,7.315,3.137,2.785,2.281,2.632,2,8,4.545,18.182,20.0,24.0,302.0,421.0,17.8,22.1,17.8,15.9,18.4
7fa2ab1f,RML Taylor,Leicestershire,2014-2016,42,23,780,1277,22.941,98,False,98,0,4,61.081,104,6,452,57.949,8.614,28.106,Lower order,52.381,8.0,0.0,4.762,42.857,52.381,7.565,10.118,4.74,5.378,70.256,3.129,2.472,2.744,11.129,3.335,2.656,3.92,2.105,0,12,0.0,28.571,22.0,20.0,548.0,232.0,25.0,21.6,3.6,31.2,20.4
aa1210d8,CF Parkinson,Derbyshire/Durham/Leicestershire,2016-2026,81,51,1261,3212,20.339,75,False,75,0,2,39.259,116,4,488,38.699,3.736,25.0,Lower order,96.296,9.0,0.0,1.235,2.469,96.296,5.722,5.2,6.311,-1.111,48.136,2.62,2.45,2.159,9.169,2.832,2.536,2.746,2.304,3,15,3.704,18.519,41.0,40.0,607.0,654.0,14.9,21.2,16.3,16.6,17.2
cd143bca,J Leach,Worcestershire,2014-2023,106,68,2127,3367,23.12,90,False,90,0,15,63.172,298,15,1282,60.273,9.296,27.669,Lower order,89.623,8.0,0.0,1.887,8.491,89.623,7.255,7.765,6.587,1.178,60.696,3.276,2.431,2.944,11.538,3.497,2.555,2.46,2.254,7,30,6.604,28.302,61.0,45.0,1291.0,836.0,22.1,20.7,26.0,30.8,24.9
3a3e7d82,BW Aitchison,Derbyshire,2022-2026,42,25,709,1293,18.179,112,False,112,1,1,54.834,89,7,398,56.135,7.425,25.982,Lower order,95.238,9.0,0.0,2.381,2.381,95.238,6.028,5.008,6.984,-1.976,40.197,3.013,2.349,2.58,11.234,3.218,2.489,1.905,3.142,0,9,0.0,21.429,19.0,23.0,285.0,424.0,16.8,20.2,3.6,19.0,14.9
0a12e736,TMJ Smith,Gloucestershire,2014-2021,41,27,832,2138,25.212,84,False,84,0,3,38.915,97,1,394,47.356,4.584,21.471,Lower order,60.976,8.0,0.0,26.829,12.195,60.976,7.176,9.182,4.974,4.209,66.947,3.173,2.348,2.767,10.16,3.427,2.502,2.879,1.508,2,10,4.878,24.39,21.0,20.0,557.0,275.0,20.7,19.7,19.7,22.6,20.7
6c6aca89,TS Roland-Jones,Middlesex,2018-2026,89,60,1575,2433,21.284,85,False,85,0,7,64.735,203,32,1004,63.746,9.659,25.978,Lower order,98.876,9.0,0.0,0.0,1.124,98.876,5.942,5.992,5.877,0.114,56.698,2.874,2.297,2.446,11.017,3.07,2.421,2.848,1.799,1,16,1.124,17.978,49.0,40.0,893.0,682.0,15.9,19.2,7.2,15.4,14.4
9fd3a210,Zafar Gohar,Gloucestershire/Middlesex,2021-2026,74,47,1522,3168,22.382,95,False,95,0,10,48.043,159,13,714,46.912,5.429,26.969,Lower order,85.135,8.0,0.0,1.351,13.514,85.135,7.188,4.837,9.432,-4.595,32.852,3.257,2.276,2.84,12.413,3.478,2.395,2.174,3.553,4,20,5.405,27.027,36.0,38.0,500.0,1022.0,21.2,18.8,21.6,27.9,22.4
f1ba9ed7,JAR Harris,Glamorgan/Kent/Middlesex,2014-2025,97,61,1682,4111,21.564,80,False,80,0,7,40.915,229,3,934,55.529,5.643,19.283,Lower order,79.381,8.0,1.031,4.124,15.464,79.381,6.357,6.169,6.564,-0.395,50.951,3.084,2.215,2.971,12.939,3.292,2.323,2.182,2.355,6,26,6.186,26.804,52.0,45.0,857.0,825.0,18.3,18.3,24.0,27.4,22.0
70fdd428,JD Shantry,Worcestershire,2014-2017,42,28,755,1224,26.034,106,False,106,2,0,61.683,100,16,496,65.695,9.477,23.375,Lower order,97.619,9.0,0.0,0.0,2.381,97.619,5.955,6.214,5.616,0.598,59.073,2.601,2.172,2.266,10.025,2.764,2.287,2.572,1.993,1,5,2.381,11.905,23.0,19.0,446.0,309.0,16.3,17.8,13.7,9.1,14.2
5fed6272,CN Miles,Durham/Gloucestershire,2014-2026,78,49,1058,2246,15.559,62,True,62*,0,3,47.106,164,4,680,64.272,7.48,18.191,Lower order,97.436,9.0,1.282,1.282,0.0,97.436,5.308,5.523,5.037,0.486,58.129,2.38,2.17,2.09,10.213,2.55,2.231,2.556,1.705,1,13,1.282,16.667,41.0,37.0,615.0,443.0,11.5,17.3,7.7,13.9,12.6
f836b33d,T Kohler-Cadmore,Worcestershire,2014-2017,46,27,1192,2226,26.489,169,False,169,3,5,53.549,170,7,722,60.57,7.951,22.938,Middle order,76.087,5.0,0.0,76.087,21.739,2.174,8.71,10.541,6.737,3.804,62.752,4.234,2.157,4.249,13.73,4.496,2.283,3.323,2.083,4,12,8.696,26.087,23.0,23.0,748.0,444.0,30.3,16.8,32.7,25.5,26.3
ed12fcd7,BWM Mike,Leicestershire/Yorkshire,2018-2025,58,37,1229,2201,23.635,99,True,99*,0,7,55.838,140,25,710,57.771,7.497,25.491,Lower order,67.241,8.0,0.0,1.724,31.034,67.241,7.379,6.568,8.332,-1.764,48.088,3.529,2.011,3.541,13.998,3.793,2.11,1.968,2.439,5,10,8.621,17.241,30.0,28.0,591.0,638.0,24.0,16.3,32.2,14.9,21.8
fc1608a2,GT Hankins,Gloucestershire,2016-2021,45,29,843,1730,19.605,116,False,116,1,3,48.728,118,2,484,57.414,6.936,22.298,Middle order,64.444,5.0,0.0,64.444,33.333,2.222,6.69,5.411,7.882,-2.471,39.027,3.029,1.986,3.255,12.084,3.223,2.17,1.741,2.401,3,7,6.667,15.556,19.0,26.0,329.0,514.0,19.7,15.9,26.7,12.5,18.7
d99cc23a,T van der Gugten,Glamorgan,2016-2025,103,67,1608,3495,21.158,62,False,62,0,8,46.009,209,9,890,55.348,6.237,21.91,Lower order,87.379,9.0,2.913,0.971,8.738,87.379,5.467,5.774,5.205,0.569,48.632,2.556,1.985,2.43,13.406,2.717,2.145,1.985,1.908,3,16,2.913,15.534,49.0,54.0,782.0,826.0,13.0,15.4,15.4,12.0,14.0
0f3ee070,OE Robinson,Sussex,2016-2024,81,54,1294,2015,20.54,81,False,81,0,5,64.218,184,8,784,60.587,9.529,27.976,Lower order,88.889,9.0,0.0,3.704,7.407,88.889,5.482,5.088,5.915,-0.827,48.609,2.55,1.942,2.405,14.286,2.752,2.087,1.563,2.14,2,12,2.469,14.815,41.0,40.0,629.0,665.0,13.5,14.9,14.9,11.5,13.7
b9877635,TE Bailey,Lancashire,2015-2026,58,38,795,1644,16.562,68,False,68,0,1,48.358,95,5,410,51.572,6.083,24.935,Lower order,93.103,9.0,0.0,5.172,1.724,93.103,4.771,4.362,5.148,-0.785,43.899,2.295,1.91,2.136,7.889,2.467,2.036,1.864,1.946,0,6,0.0,10.345,28.0,30.0,349.0,446.0,9.1,14.4,3.6,7.7,8.7
5239d782,NL Buck,Lancashire/Leicestershire/Northamptonshire,2014-2019,52,33,763,1410,20.079,53,False,53,0,3,54.113,119,11,542,71.035,9.22,17.266,Lower order,86.538,9.5,0.0,9.615,3.846,86.538,5.246,4.729,5.763,-1.035,45.085,2.284,1.906,2.174,10.429,2.44,2.079,1.833,2.439,0,4,0.0,7.692,26.0,26.0,344.0,419.0,11.1,13.9,3.6,4.3,8.2
63e1e352,Zaman Akhter,Gloucestershire,2023-2025,42,27,740,1141,23.871,70,False,70,0,3,64.855,87,12,420,56.757,8.677,30.71,Lower order,100.0,9.0,0.0,0.0,0.0,100.0,6.037,3.581,8.922,-5.341,32.027,2.619,1.86,2.364,8.652,2.8,1.978,1.231,3.193,1,8,2.381,19.048,23.0,19.0,237.0,503.0,17.3,13.5,13.7,17.3,15.4
e9d5218e,MT Coles,Hampshire/Kent/Northamptonshire,2014-2019,63,44,1059,1449,17.65,83,False,83,0,4,73.085,145,21,706,66.667,11.456,27.514,Lower order,96.825,9.0,0.0,0.0,3.175,96.825,5.625,5.007,6.279,-1.272,45.703,2.434,1.848,2.364,9.793,2.594,1.961,2.162,1.171,3,10,4.762,15.873,31.0,32.0,484.0,575.0,13.9,13.0,18.5,13.5,14.7
6c908ffc,CJC Wright,Leicestershire/Warwickshire,2018-2025,95,64,1540,2912,20.263,74,False,74,0,5,52.885,212,15,938,60.909,7.795,22.421,Lower order,89.474,9.0,0.0,6.316,4.211,89.474,5.829,5.895,5.763,0.132,50.584,2.439,1.8,2.233,9.296,2.628,1.959,2.184,1.701,2,22,2.105,23.158,46.0,49.0,779.0,761.0,15.4,12.5,12.5,21.2,15.4
b3544c5d,BA Hutton,Northamptonshire/Nottinghamshire,2017-2022,56,36,684,1636,14.25,61,False,61,0,1,41.809,79,1,322,47.076,4.89,23.265,Lower order,94.643,9.0,1.786,1.786,1.786,94.643,4.38,4.501,4.272,0.229,48.392,2.148,1.755,1.779,6.706,2.308,1.843,1.899,1.452,1,7,1.786,12.5,27.0,29.0,331.0,353.0,8.2,12.0,9.6,9.6,9.8
74a274cc,TG Helm,Glamorgan/Middlesex,2014-2026,59,41,899,1704,22.475,64,False,64,0,4,52.758,105,11,486,54.06,6.808,26.008,Lower order,94.915,10.0,0.0,0.0,5.085,94.915,4.954,6.163,3.955,2.208,56.285,2.278,1.753,2.07,7.786,2.438,1.86,2.463,1.449,0,7,0.0,11.864,27.0,32.0,506.0,393.0,9.6,11.5,3.6,8.7,8.4
6c79c098,DA Payne,Gloucestershire,2014-2021,81,59,1202,2402,22.259,67,True,67*,0,5,50.042,161,12,716,59.567,7.202,21.803,Lower order,100.0,10.0,0.0,0.0,0.0,100.0,5.329,4.67,6.035,-1.365,45.341,2.314,1.685,2.065,7.566,2.493,1.792,1.429,1.854,5,15,6.173,18.519,41.0,40.0,545.0,657.0,12.5,11.1,23.6,16.6,16.0
b82e3032,J Shaw,Gloucestershire,2016-2025,55,39,711,1362,16.535,45,False,45,0,0,52.203,85,12,412,57.947,7.122,23.636,Lower order,89.091,10.0,0.0,7.273,3.636,89.091,4.342,4.355,4.329,0.026,49.367,1.845,1.623,1.739,6.773,2.008,1.731,0.806,1.723,1,8,1.818,14.545,26.0,29.0,351.0,360.0,7.7,10.6,10.6,11.1,10.0
b16cf2ec,AP Palladino,Derbyshire,2014-2019,97,60,1161,2409,15.078,60,True,60*,0,2,48.194,143,8,620,53.402,6.268,23.959,Lower order,98.969,9.0,1.031,0.0,0.0,98.969,4.625,3.971,5.379,-1.408,45.909,2.076,1.602,1.797,7.207,2.253,1.714,1.602,1.791,2,11,2.062,11.34,52.0,45.0,533.0,628.0,8.7,10.1,12.0,8.2,9.8
ad286dcc,AT Thomson,Derbyshire,2022-2025,47,32,758,1543,18.048,60,False,60,0,4,49.125,92,5,398,52.507,6.286,24.896,Lower order,91.489,8.0,0.0,0.0,8.511,91.489,5.174,6.676,4.165,2.511,51.847,2.135,1.601,1.907,6.321,2.257,1.71,2.375,0.782,1,8,2.128,17.021,20.0,27.0,393.0,365.0,10.6,9.6,13.0,14.4,11.9
894b2d25,MJ Potts,Durham,2017-2026,50,37,793,1605,18.881,81,False,81,0,4,49.408,90,9,414,52.207,6.168,25.166,Lower order,90.0,9.0,2.0,6.0,2.0,90.0,5.028,5.002,5.058,-0.056,53.72,2.328,1.537,2.476,9.951,2.491,1.69,1.66,1.079,4,7,8.0,14.0,27.0,23.0,426.0,367.0,10.1,9.1,30.8,10.1,15.0
f3abd0c9,DR Briggs,Hampshire/Sussex,2014-2019,55,36,653,1252,17.649,46,False,46,0,0,52.157,97,0,388,59.418,7.748,22.944,Lower order,87.273,10.0,1.818,9.091,1.818,87.273,4.121,3.718,4.563,-0.845,47.167,1.966,1.466,2.075,9.2,2.11,1.591,1.387,1.544,0,3,0.0,5.455,27.0,28.0,308.0,345.0,7.2,8.7,3.6,2.9,5.6
d4eef961,M de Lange,Glamorgan/Gloucestershire/Somerset,2017-2025,50,35,815,908,18.111,75,False,75,0,4,89.758,75,42,552,67.73,12.885,33.249,Lower order,100.0,10.0,0.0,0.0,0.0,100.0,5.64,5.24,6.02,-0.78,45.276,2.298,1.455,2.028,8.013,2.431,1.555,1.278,3.154,2,11,4.0,22.0,24.0,26.0,369.0,446.0,14.4,8.2,17.3,19.7,14.9
7955eb15,RK Kleinveldt,Northamptonshire,2015-2018,53,35,1009,1134,21.468,97,False,97,0,5,88.977,141,19,678,67.195,14.109,33.984,Lower order,90.566,9.0,0.0,0.0,9.434,90.566,6.423,6.952,5.703,1.249,62.438,3.13,1.446,3.388,14.381,3.357,1.506,1.294,2.225,3,11,5.66,20.755,29.0,24.0,630.0,379.0,18.8,7.7,22.1,18.3,16.7
611926bc,GR Napier,Essex,2014-2016,40,30,677,1018,17.816,73,False,73,0,3,66.503,86,15,434,64.106,9.921,26.499,Lower order,100.0,8.5,0.0,0.0,0.0,100.0,5.327,5.768,4.946,0.822,50.222,2.531,1.394,2.449,8.87,2.689,1.463,2.284,1.207,2,9,5.0,22.5,18.0,22.0,340.0,337.0,12.0,7.2,20.7,20.2,15.0
078ffbf2,WS Davis,Derbyshire/Leicestershire,2016-2023,41,27,435,808,16.111,58,False,58,0,1,53.837,57,4,252,57.931,7.55,24.498,Lower order,95.122,10.0,0.0,2.439,2.439,95.122,3.824,3.651,3.974,-0.323,44.368,1.759,1.253,2.192,9.573,1.894,1.355,1.315,1.073,1,3,2.439,7.317,19.0,22.0,193.0,242.0,5.8,6.7,14.4,3.8,7.7
01a95383,MD Taylor,Gloucestershire,2014-2026,113,77,1205,2874,15.062,57,True,57*,0,2,41.928,145,7,622,51.618,5.289,21.418,Lower order,95.575,10.0,0.0,3.54,0.885,95.575,4.025,3.321,4.892,-1.571,45.56,1.698,0.976,1.836,7.668,1.821,1.036,0.829,1.32,0,16,0.0,14.159,61.0,52.0,549.0,656.0,6.7,6.2,3.6,10.6,6.8
e05b2a5b,MET Salisbury,Durham/Essex/Leicestershire,2014-2024,51,32,361,1221,8.805,45,False,45,0,0,29.566,44,0,176,48.753,3.604,15.718,Lower order,92.157,10.0,1.961,5.882,0.0,92.157,2.975,2.742,3.201,-0.458,45.429,1.348,0.975,1.411,4.634,1.45,1.059,0.975,0.959,0,4,0.0,7.843,24.0,27.0,164.0,197.0,4.3,5.8,3.6,4.8,4.6
15101f12,ME Claydon,Kent,2014-2018,60,40,675,1144,14.674,77,False,77,0,2,59.003,102,7,450,66.667,9.528,21.739,Lower order,100.0,10.0,0.0,0.0,0.0,100.0,3.834,3.253,4.386,-1.133,41.333,1.743,0.972,1.68,6.348,1.861,1.024,0.822,1.544,1,3,1.667,5.0,27.0,33.0,279.0,396.0,6.2,5.3,8.7,2.4,5.6
5da34add,MG Hogan,Glamorgan,2014-2022,113,72,939,1162,14.446,37,False,37,0,0,80.809,121,25,634,67.519,12.565,30.02,Lower order,100.0,11.0,0.0,0.0,0.0,100.0,3.247,3.702,2.679,1.023,63.365,1.421,0.849,1.487,8.046,1.517,0.895,1.038,0.716,0,10,0.0,8.85,63.0,50.0,595.0,344.0,4.8,4.8,3.6,6.2,4.8
948beb1f,ER Bamber,Gloucestershire/Middlesex,2018-2024,59,41,418,1253,9.952,37,True,37*,0,0,33.36,49,1,202,48.325,3.99,17.955,Lower order,93.22,10.0,0.0,5.085,1.695,93.22,2.541,1.905,3.482,-1.577,44.737,1.128,0.844,1.29,7.127,1.203,0.91,0.712,1.168,0,2,0.0,3.39,34.0,25.0,187.0,231.0,1.9,4.3,3.6,0.5,2.6
c89474d1,TJ Murtagh,Middlesex,2018-2022,57,37,393,578,9.825,40,False,40,0,0,67.993,58,2,244,62.087,10.381,28.764,Lower order,100.0,11.0,0.0,0.0,0.0,100.0,2.757,2.496,3.07,-0.573,49.364,1.252,0.817,1.558,5.698,1.341,0.878,0.817,0.82,1,5,1.754,8.772,31.0,26.0,194.0,199.0,3.4,3.8,9.1,5.5,5.4
e871a7a1,BW Sanderson,Northamptonshire,2015-2026,111,70,821,1655,10.262,65,False,65,0,1,49.607,123,6,528,64.312,7.795,19.201,Lower order,99.099,10.0,0.0,0.0,0.901,99.099,2.869,3.052,2.695,0.357,51.888,1.306,0.765,1.706,8.824,1.403,0.819,0.974,0.658,2,5,1.802,4.505,54.0,57.0,426.0,395.0,3.8,3.4,10.1,1.9,4.8
2a0d5d4a,Azharullah,Northamptonshire,2015-2017,42,30,328,748,12.615,58,True,58*,0,1,43.85,47,1,194,59.146,6.417,19.143,Lower order,88.095,10.0,4.762,4.762,2.381,88.095,2.646,2.01,3.246,-1.236,36.89,1.216,0.726,1.595,7.503,1.309,0.776,0.61,0.972,0,3,0.0,7.143,19.0,23.0,121.0,207.0,2.9,2.9,3.6,3.4,3.2
85ebf2be,LC Norwell,Gloucestershire,2014-2018,57,38,550,1093,15.714,102,False,102,1,1,50.32,76,7,346,62.909,7.594,20.198,Lower order,94.737,10.0,0.0,5.263,0.0,94.737,3.427,3.792,2.857,0.935,67.455,1.441,0.634,2.316,10.774,1.525,0.678,0.859,0.324,2,5,3.509,8.772,34.0,23.0,371.0,179.0,5.3,2.4,15.9,5.5,7.3
e737a5fe,C Rushworth,Durham,2017-2022,68,45,358,644,8.95,57,False,57,0,1,55.59,47,1,194,54.19,7.453,27.517,Lower order,100.0,11.0,0.0,0.0,0.0,100.0,2.127,2.391,1.904,0.487,51.397,0.887,0.571,1.136,5.319,0.954,0.611,0.595,0.532,0,3,0.0,4.412,32.0,36.0,184.0,174.0,1.0,1.9,3.6,1.4,2.0
1427277f,MHA Footitt,Derbyshire,2014-2018,43,30,253,362,8.724,34,False,34,0,0,69.89,37,4,172,67.984,11.326,25.234,Lower order,100.0,11.0,0.0,0.0,0.0,100.0,2.458,2.025,2.849,-0.824,39.13,0.974,0.529,1.133,3.902,1.064,0.572,0.541,0.518,0,4,0.0,9.302,20.0,23.0,99.0,154.0,1.4,1.4,3.6,6.7,3.3
5db1c288,CAJ Morris,Worcestershire,2014-2022,52,34,265,918,11.042,29,True,29*,0,0,28.867,31,0,124,46.792,3.377,15.896,Lower order,96.154,11.0,0.0,3.846,0.0,96.154,1.89,2.479,1.129,1.349,73.962,0.861,0.447,1.127,5.293,0.935,0.484,0.824,0.415,1,2,1.923,3.846,29.0,23.0,196.0,69.0,0.5,1.0,11.1,1.0,3.4
f7177fd6,CE Shreck,Leicestershire,2014-2017,60,40,395,723,10.395,56,False,56,0,1,54.633,64,1,262,66.329,8.99,20.213,Lower order,100.0,11.0,0.0,0.0,0.0,100.0,2.564,2.062,3.156,-1.094,43.544,0.982,0.328,1.437,7.113,1.05,0.365,0.353,0.089,0,6,0.0,10.0,33.0,27.0,172.0,223.0,2.4,0.5,3.6,7.2,3.4
