season,player,teams,role,median_bat_pos,innings,runs,average,strike_rate,bdry_pct,bdry_freq,rotate,high_score_disp,med_pct_match,pct_team_runs,top_scorer_rate,top3_rate,n_top_scorer,n_top3,home_away_gap,composite_pctl,highlight,label,colour,colour_performers,colour_position,colour_team,group_performers,group_position,group_team
2022,SM Davies,Somerset,All-rounder / keeper,6.0,14,234,16.714,42.545,55.556,5.818,20.077,51,3.116,6.352,14.286,28.571,2,4,7.981,48.8,,,#c2c1bb,#c2c1bb,#1baf7a,#1a1a9e,Other batters,All-rounder / keeper,Somerset
2022,WAR Fraine,Yorkshire,Middle order,5.0,13,203,16.917,35.802,58.128,5.115,15.799,53,2.718,6.047,0.0,15.385,0,2,1.813,28.4,,,#c2c1bb,#c2c1bb,#eb6834,#d44978,Other batters,Middle order,Yorkshire
2022,RM Yates,Warwickshire,Middle order,3.0,17,298,17.529,41.274,61.745,6.371,16.864,104,1.144,6.238,11.765,17.647,2,3,-0.036,34.2,,,#c2c1bb,#c2c1bb,#eb6834,#d449d4,Other batters,Middle order,Warwickshire
2022,GP Balderson,Lancashire,All-rounder / keeper,7.0,16,253,19.462,50.099,48.221,5.941,27.579,97,1.892,4.873,6.25,25.0,1,4,-0.473,33.2,,,#c2c1bb,#c2c1bb,#1baf7a,#49d478,Other batters,All-rounder / keeper,Lancashire
2022,HG Duke,Yorkshire,All-rounder / keeper,6.0,12,239,21.727,32.695,50.209,4.104,16.976,48,2.711,6.083,0.0,8.333,0,1,-1.02,25.6,,,#c2c1bb,#c2c1bb,#1baf7a,#d44978,Other batters,All-rounder / keeper,Yorkshire
2022,DW Lawrence,Essex,Middle order,4.0,19,420,22.105,46.002,53.333,6.134,22.87,120,2.481,8.547,10.526,26.316,2,5,-8.508,46.0,,,#c2c1bb,#c2c1bb,#eb6834,#9e721a,Other batters,Middle order,Essex
2022,MJJ Critchley,Essex,Middle order,5.0,20,446,22.3,49.501,50.224,6.104,26.241,132,3.021,8.295,10.0,30.0,2,6,1.229,49.2,,,#c2c1bb,#c2c1bb,#eb6834,#9e721a,Other batters,Middle order,Essex
2022,IG Holland,Hampshire,Opener,2.0,24,519,22.565,42.264,45.857,4.805,24.038,99,3.081,7.918,8.333,29.167,2,7,-2.53,46.6,,,#c2c1bb,#c2c1bb,#2a78d6,#78d449,Other batters,Opener,Hampshire
2022,AM Rossington,Essex,All-rounder / keeper,7.0,18,424,24.941,67.624,58.491,9.25,30.931,100,3.068,8.576,11.111,33.333,2,6,-1.16,52.6,,,#c2c1bb,#c2c1bb,#1baf7a,#9e721a,Other batters,All-rounder / keeper,Essex
2022,R Vasconcelos,Northamptonshire,Opener,1.0,23,576,25.043,53.933,61.458,8.146,22.63,156,3.595,8.743,4.348,26.087,1,6,-0.411,46.2,,,#c2c1bb,#c2c1bb,#2a78d6,#1a729e,Other batters,Opener,Northamptonshire
2022,SA Zaib,Northamptonshire,All-rounder / keeper,6.0,13,301,25.083,47.402,49.169,5.669,25.543,124,3.545,9.031,7.692,23.077,1,3,5.257,47.8,,,#c2c1bb,#c2c1bb,#1baf7a,#1a729e,Other batters,All-rounder / keeper,Northamptonshire
2022,JJ Cobb,Northamptonshire,All-rounder / keeper,6.0,14,327,25.154,60.781,59.939,8.736,26.68,88,3.34,7.195,0.0,28.571,0,4,1.921,38.4,,,#c2c1bb,#c2c1bb,#1baf7a,#1a729e,Other batters,All-rounder / keeper,Northamptonshire
2022,OJ Price,Gloucestershire,Middle order,3.0,15,386,25.733,43.08,54.922,5.915,20.641,68,4.899,9.547,13.333,40.0,2,6,-7.53,67.4,,,#c2c1bb,#c2c1bb,#eb6834,#729e1a,Other batters,Middle order,Gloucestershire
2022,James Bracey,Gloucestershire,Middle order,3.0,27,702,27.0,47.788,50.142,5.854,25.307,177,2.059,9.836,18.519,25.926,5,7,3.916,53.2,,,#c2c1bb,#c2c1bb,#eb6834,#729e1a,Other batters,Middle order,Gloucestershire
2022,Z Crawley,Kent,Opener,2.0,17,467,27.471,52.354,59.529,7.735,22.965,84,4.56,9.747,11.765,35.294,2,6,2.093,63.0,,,#c2c1bb,#c2c1bb,#2a78d6,#1a9e1a,Other batters,Opener,Kent
2022,OG Robinson,Kent,All-rounder / keeper,6.0,20,497,27.611,55.407,50.704,6.912,29.341,85*,3.09,8.098,5.0,35.0,1,7,0.119,48.0,,,#c2c1bb,#c2c1bb,#1baf7a,#1a9e1a,Other batters,All-rounder / keeper,Kent
2022,GL van Buuren,Gloucestershire,All-rounder / keeper,6.0,20,502,27.889,56.089,63.347,8.827,22.549,127*,3.726,9.682,10.0,35.0,2,7,11.061,57.9,,,#c2c1bb,#c2c1bb,#1baf7a,#729e1a,Other batters,All-rounder / keeper,Gloucestershire
2022,AL Davies,Warwickshire,Opener,1.0,24,649,28.217,49.092,53.005,6.354,24.637,121,3.583,10.543,16.667,33.333,4,8,2.894,63.6,,,#c2c1bb,#c2c1bb,#2a78d6,#d449d4,Other batters,Opener,Warwickshire
2022,AHT Donald,Hampshire,All-rounder / keeper,7.0,14,398,28.429,82.062,60.804,11.753,36.449,94,3.187,10.176,21.429,28.571,3,4,0.302,61.0,,,#c2c1bb,#c2c1bb,#1baf7a,#78d449,Other batters,All-rounder / keeper,Hampshire
2022,TA Lammonby,Somerset,Opener,2.0,25,685,28.542,41.999,49.927,5.15,22.172,110,5.596,10.04,12.0,36.0,3,9,1.578,67.5,,,#c2c1bb,#c2c1bb,#2a78d6,#1a1a9e,Other batters,Opener,Somerset
2022,T Westley,Essex,Middle order,3.0,25,641,29.136,40.037,54.914,5.497,19.101,90,4.402,10.657,12.0,36.0,3,9,-0.451,64.8,,,#c2c1bb,#c2c1bb,#eb6834,#9e721a,Other batters,Middle order,Essex
2022,LD McManus,Northamptonshire,All-rounder / keeper,7.0,16,410,29.286,48.292,58.537,6.949,21.519,62*,4.609,7.98,6.25,31.25,1,5,6.87,52.7,,,#c2c1bb,#c2c1bb,#1baf7a,#1a729e,Other batters,All-rounder / keeper,Northamptonshire
2022,DM Bess,Yorkshire,All-rounder / keeper,7.0,19,499,29.353,51.337,51.303,6.481,26.733,89,2.957,8.595,10.526,26.316,2,5,1.922,48.1,,,#c2c1bb,#c2c1bb,#1baf7a,#d44978,Other batters,All-rounder / keeper,Yorkshire
2022,JJ Weatherley,Hampshire,Middle order,3.0,13,396,30.462,54.321,56.061,7.407,25.778,168,2.676,10.552,15.385,30.769,2,4,5.527,57.4,,,#c2c1bb,#c2c1bb,#eb6834,#78d449,Other batters,Middle order,Hampshire
2022,WMH Rhodes,Warwickshire,Middle order,5.0,24,689,31.318,45.24,50.218,5.515,23.836,111*,3.898,10.476,4.167,37.5,1,9,-2.901,56.9,,,#c2c1bb,#c2c1bb,#eb6834,#d449d4,Other batters,Middle order,Warwickshire
2022,DJ Vilas,Lancashire,Middle order,5.0,18,567,31.5,68.396,46.561,7.72,39.608,124,3.286,9.623,5.556,38.889,1,7,-1.379,54.5,,,#c2c1bb,#c2c1bb,#eb6834,#49d478,Other batters,Middle order,Lancashire
2022,FS Organ,Hampshire,Opener,1.0,25,726,31.565,51.38,56.749,7.077,23.915,118,5.06,10.939,24.0,40.0,6,10,-1.014,76.9,,,#c2c1bb,#c2c1bb,#2a78d6,#78d449,Other batters,Opener,Hampshire
2022,GCH Hill,Yorkshire,Opener,2.5,24,729,31.696,46.552,58.985,6.705,20.465,151*,3.741,10.545,12.5,45.833,3,11,-7.72,67.2,,,#c2c1bb,#c2c1bb,#2a78d6,#d44978,Other batters,Opener,Yorkshire
2022,RI Keogh,Northamptonshire,Middle order,5.0,25,804,32.16,61.187,49.254,7.458,33.553,130,3.152,11.056,12.0,32.0,3,8,13.263,58.4,,,#c2c1bb,#c2c1bb,#eb6834,#1a729e,Other batters,Middle order,Northamptonshire
2022,RF Higgins,Gloucestershire,All-rounder / keeper,6.0,19,586,32.556,53.321,47.44,6.187,29.874,139,4.873,11.56,10.526,42.105,2,8,-4.61,69.9,,,#c2c1bb,#c2c1bb,#1baf7a,#729e1a,Other batters,All-rounder / keeper,Gloucestershire
2022,A Lyth,Yorkshire,Opener,1.0,24,790,32.917,42.726,61.519,6.436,17.572,183,3.935,11.428,12.5,37.5,3,9,8.075,65.8,,,#c2c1bb,#c2c1bb,#2a78d6,#d44978,Other batters,Opener,Yorkshire
2022,EN Gay,Northamptonshire,Opener,2.0,25,825,33.0,48.759,59.394,7.21,21.338,145,4.587,11.345,20.0,40.0,5,10,-1.147,74.6,,,#c2c1bb,#c2c1bb,#2a78d6,#1a729e,Other batters,Opener,Northamptonshire
2022,Miles Hammond,Gloucestershire,Middle order,4.0,27,836,33.44,45.336,64.115,7.05,17.503,169,4.843,11.714,7.407,44.444,2,12,4.035,68.8,,,#c2c1bb,#c2c1bb,#eb6834,#729e1a,Other batters,Middle order,Gloucestershire
2022,LA Dawson,Hampshire,Middle order,5.0,18,587,34.529,55.273,57.581,7.721,25.408,171,3.161,10.615,11.111,33.333,2,6,3.175,57.5,,,#c2c1bb,#c2c1bb,#eb6834,#78d449,Other batters,Middle order,Hampshire
2022,NLJ Browne,Essex,Opener,1.0,26,797,34.652,42.484,53.701,5.704,20.859,234*,5.006,12.892,11.538,46.154,3,12,7.024,75.3,,,#c2c1bb,#c2c1bb,#2a78d6,#9e721a,Other batters,Opener,Essex
2022,L Gregory,Somerset,All-rounder / keeper,7.0,18,532,35.467,59.91,54.887,7.432,29.197,110*,5.222,9.48,11.111,33.333,2,6,-1.902,63.0,,,#c2c1bb,#c2c1bb,#1baf7a,#1a1a9e,Other batters,All-rounder / keeper,Somerset
2022,NRT Gubbins,Hampshire,Middle order,3.0,24,754,35.905,51.503,64.987,8.333,19.672,130,4.502,11.362,12.5,29.167,3,7,4.874,63.4,,,#c2c1bb,#c2c1bb,#eb6834,#78d449,Other batters,Middle order,Hampshire
2022,RS Patel,Surrey,Opener,2.0,23,719,35.95,51.801,59.249,7.493,22.819,102,4.074,9.663,8.696,39.13,2,9,1.153,60.2,,,#c2c1bb,#c2c1bb,#2a78d6,#7849d4,Other batters,Opener,Surrey
2022,LP Goldsworthy,Somerset,Middle order,5.0,17,558,37.2,42.209,55.556,5.825,19.92,130,3.039,12.125,17.647,29.412,3,5,-9.305,63.2,,,#c2c1bb,#c2c1bb,#eb6834,#1a1a9e,Other batters,Middle order,Somerset
2022,WA Young,Northamptonshire,Opener,2.0,18,672,37.333,45.59,57.44,6.445,20.74,134,7.27,13.83,16.667,61.111,3,11,-4.12,88.7,,,#c2c1bb,#c2c1bb,#2a78d6,#1a729e,Other batters,Opener,Northamptonshire
2022,JEK Rew,Somerset,All-rounder / keeper,6.0,12,337,37.444,39.694,49.852,4.947,20.942,101*,3.121,8.899,0.0,33.333,0,4,-5.33,43.3,,,#c2c1bb,#c2c1bb,#1baf7a,#1a1a9e,Other batters,All-rounder / keeper,Somerset
2022,JM Vince,Hampshire,Middle order,4.0,24,839,38.136,67.444,59.118,9.727,30.543,111,6.523,12.643,8.333,50.0,2,12,-4.137,76.9,,,#c2c1bb,#c2c1bb,#eb6834,#78d449,Other batters,Middle order,Hampshire
2022,BC Brown,Hampshire,All-rounder / keeper,6.0,20,696,38.667,55.769,48.851,6.811,30.61,157,6.141,11.899,15.0,45.0,3,9,-4.512,79.2,,,#c2c1bb,#c2c1bb,#1baf7a,#78d449,Other batters,All-rounder / keeper,Hampshire
2022,CDJ Dent,Gloucestershire,Opener,2.0,19,714,39.667,44.183,56.303,6.188,20.58,207*,5.076,13.932,15.789,47.368,3,9,11.071,80.5,,,#c2c1bb,#c2c1bb,#2a78d6,#729e1a,Other batters,Opener,Gloucestershire
2022,HM Amla,Surrey,Middle order,3.0,21,718,39.889,49.792,44.847,5.479,29.054,133,2.787,9.778,9.524,38.095,2,8,2.115,55.4,,,#c2c1bb,#c2c1bb,#eb6834,#7849d4,Other batters,Middle order,Surrey
2022,RJ Burns,Surrey,Opener,1.0,23,842,40.095,50.0,52.969,6.532,25.159,132,5.079,11.316,30.435,43.478,7,10,-1.934,80.4,,,#c2c1bb,#c2c1bb,#2a78d6,#7849d4,Other batters,Opener,Surrey
2022,JJ Bohannon,Lancashire,Middle order,3.0,20,805,40.25,47.021,57.391,6.659,21.464,231,3.09,12.436,20.0,40.0,4,8,7.825,70.2,,,#c2c1bb,#c2c1bb,#eb6834,#49d478,Other batters,Middle order,Lancashire
2022,MGK Burgess,Warwickshire,All-rounder / keeper,7.0,18,745,41.389,73.399,64.966,11.232,28.968,178,6.298,15.185,22.222,38.889,4,7,6.84,84.7,,,#c2c1bb,#c2c1bb,#1baf7a,#d449d4,Other batters,All-rounder / keeper,Warwickshire
2022,GA Bartlett,Somerset,Middle order,4.0,12,456,41.455,59.298,57.456,7.802,27.362,111,3.842,12.041,16.667,50.0,2,6,5.453,75.3,,,#c2c1bb,#c2c1bb,#eb6834,#1a1a9e,Other batters,Middle order,Somerset
2022,JA Leaning,Kent,Middle order,5.0,19,755,41.944,44.282,50.596,5.513,23.153,128,5.541,13.825,15.789,42.105,3,8,0.517,79.5,,,#c2c1bb,#c2c1bb,#eb6834,#1a9e1a,Other batters,Middle order,Kent
2022,AN Cook,Essex,Opener,2.0,25,966,42.0,44.009,51.346,5.649,22.694,145,6.744,15.702,20.0,60.0,5,15,8.561,91.4,,,#c2c1bb,#c2c1bb,#2a78d6,#9e721a,Other batters,Opener,Essex
2022,DP Sibley,Warwickshire,Opener,2.0,25,935,42.5,41.463,44.492,4.612,24.128,142*,5.15,13.982,20.0,56.0,5,14,-6.018,85.9,,,#c2c1bb,#c2c1bb,#2a78d6,#d449d4,Other batters,Opener,Warwickshire
2022,MS Harris,Gloucestershire,Opener,2.0,17,726,42.706,55.975,62.534,8.558,22.934,159,5.279,15.921,17.647,35.294,3,6,0.297,79.0,,,#c2c1bb,#c2c1bb,#2a78d6,#729e1a,Other batters,Opener,Gloucestershire
2022,DJ Bell-Drummond,Kent,Middle order,3.0,25,923,43.952,52.324,54.821,7.143,25.458,149,4.689,12.554,20.0,48.0,5,12,-3.49,80.1,,,#c2c1bb,#c2c1bb,#eb6834,#1a9e1a,Other batters,Middle order,Kent
2022,SJ Croft,Lancashire,Middle order,4.0,20,837,44.053,47.261,49.462,5.759,25.345,155,6.23,12.931,10.0,50.0,2,10,-8.895,78.4,,,#c2c1bb,#c2c1bb,#eb6834,#49d478,Other batters,Middle order,Lancashire
2022,JM Cox,Kent,Middle order,5.0,20,917,45.85,47.885,55.616,6.527,22.737,158,7.855,14.874,30.0,60.0,6,12,5.386,94.7,Jordan Cox,Cox 22,#1baf7a,#1baf7a,#eb6834,#1a9e1a,Jordan Cox,Middle order,Kent
2022,MT Renshaw,Somerset,Opener,1.0,13,620,47.692,52.721,57.742,7.483,24.081,146,9.15,15.312,15.385,61.538,2,8,4.536,90.2,,,#c2c1bb,#c2c1bb,#2a78d6,#1a1a9e,Other batters,Opener,Somerset
2022,JA Tattersall,Yorkshire,All-rounder / keeper,6.0,12,480,48.0,48.193,51.667,6.225,24.839,180*,5.433,16.661,8.333,50.0,1,6,2.869,78.6,,,#c2c1bb,#c2c1bb,#1baf7a,#d44978,Other batters,All-rounder / keeper,Yorkshire
2022,TB Abell,Somerset,Middle order,3.0,22,1039,51.95,54.828,52.166,7.018,28.207,150*,7.895,16.886,27.273,50.0,6,11,-2.54,93.5,Tom Abell,Abell 22,#eb6834,#eb6834,#eb6834,#1a1a9e,Tom Abell,Middle order,Somerset
2022,LWP Wells,Lancashire,Opener,1.0,22,991,52.158,55.674,58.123,7.809,25.289,175*,4.432,15.204,18.182,50.0,4,11,7.046,82.2,,,#c2c1bb,#c2c1bb,#2a78d6,#49d478,Other batters,Opener,Lancashire
2022,LA Procter,Northamptonshire,Middle order,4.0,23,961,53.389,44.511,47.034,5.049,24.829,144*,6.792,14.318,21.739,52.174,5,12,-2.076,89.8,,,#c2c1bb,#c2c1bb,#eb6834,#1a729e,Other batters,Middle order,Northamptonshire
2022,WG Jacks,Surrey,All-rounder / keeper,6.0,15,648,54.0,77.235,62.346,11.085,32.708,150*,2.291,10.805,13.333,33.333,2,5,6.039,56.2,,,#c2c1bb,#c2c1bb,#1baf7a,#7849d4,Other batters,All-rounder / keeper,Surrey
2022,BG Compton,Kent,Opener,1.0,25,1193,54.227,39.86,47.779,4.744,21.852,140,8.217,17.106,36.0,56.0,9,14,7.504,96.4,,,#c2c1bb,#c2c1bb,#2a78d6,#1a9e1a,Other batters,Opener,Kent
2022,SR Hain,Warwickshire,Middle order,4.0,21,1137,63.167,41.801,42.04,4.338,25.327,202*,11.253,19.905,33.333,61.905,7,13,5.287,98.0,Sam Hain,Hain 22,#2a78d6,#2a78d6,#eb6834,#d449d4,Sam Hain,Middle order,Warwickshire
2022,KK Jennings,Lancashire,Opener,2.0,17,1233,72.529,57.942,50.446,7.143,30.921,318,10.273,23.845,35.294,52.941,6,9,10.92,97.0,,,#c2c1bb,#c2c1bb,#2a78d6,#49d478,Other batters,Opener,Lancashire
2022,BT Foakes,Surrey,Middle order,5.0,12,586,73.25,48.35,55.973,6.601,22.792,132*,4.907,13.089,16.667,50.0,2,6,-10.137,80.5,,,#c2c1bb,#c2c1bb,#eb6834,#7849d4,Other batters,Middle order,Surrey
2022,HC Brook,Yorkshire,Middle order,5.0,12,967,107.444,75.606,56.67,10.242,36.498,194,11.463,22.991,41.667,91.667,5,11,3.915,99.5,,,#c2c1bb,#c2c1bb,#eb6834,#d44978,Other batters,Middle order,Yorkshire
2023,LD McManus,Northamptonshire,All-rounder / keeper,7.0,16,185,12.333,38.382,51.892,4.772,19.39,27,1.222,4.384,0.0,6.25,0,1,0.143,16.7,,,#c2c1bb,#c2c1bb,#1baf7a,#1a729e,Other batters,All-rounder / keeper,Northamptonshire
2023,PJ Malan,Middlesex,Middle order,3.0,16,221,14.733,49.552,43.439,5.157,29.551,66,1.508,6.406,6.25,18.75,1,3,0.256,32.1,,,#c2c1bb,#c2c1bb,#eb6834,#49d4d4,Other batters,Middle order,Middlesex
2023,FS Organ,Hampshire,Opener,7.0,17,245,15.312,44.224,55.51,5.596,20.841,97,2.307,5.864,5.882,17.647,1,3,-2.584,33.6,,,#c2c1bb,#c2c1bb,#2a78d6,#78d449,Other batters,Opener,Hampshire
2023,LW James,Nottinghamshire,All-rounder / keeper,6.0,24,405,17.609,44.408,53.333,5.811,22.002,50,3.169,6.584,0.0,20.833,0,5,-2.046,33.3,,,#c2c1bb,#c2c1bb,#1baf7a,#4978d4,Other batters,All-rounder / keeper,Nottinghamshire
2023,SS Eskinazi,Middlesex,Middle order,4.0,18,283,17.688,42.051,46.643,4.903,23.594,58,3.358,7.196,5.556,38.889,1,7,-4.574,49.9,,,#c2c1bb,#c2c1bb,#eb6834,#49d4d4,Other batters,Middle order,Middlesex
2023,MDE Holden,Middlesex,Middle order,5.0,23,437,19.0,49.829,53.089,6.613,25.031,55,3.617,8.63,4.348,26.087,1,6,4.657,46.1,,,#c2c1bb,#c2c1bb,#eb6834,#49d4d4,Other batters,Middle order,Middlesex
2023,Hassan Azad,Northamptonshire,Opener,2.0,16,290,19.333,36.802,49.655,4.569,19.415,51,4.578,8.73,0.0,50.0,0,8,0.87,56.3,,,#c2c1bb,#c2c1bb,#2a78d6,#1a729e,Other batters,Opener,Northamptonshire
2023,R Vasconcelos,Northamptonshire,Opener,1.0,20,389,19.45,48.383,57.584,6.965,22.059,78,3.655,9.329,20.0,20.0,4,4,2.345,57.2,,,#c2c1bb,#c2c1bb,#2a78d6,#1a729e,Other batters,Opener,Northamptonshire
2023,AM Rossington,Essex,All-rounder / keeper,6.0,15,315,22.5,50.806,50.159,6.129,26.976,104,3.799,8.527,20.0,26.667,3,4,3.786,58.3,,,#c2c1bb,#c2c1bb,#1baf7a,#9e721a,Other batters,All-rounder / keeper,Essex
2023,JL Denly,Kent,Middle order,4.0,13,293,22.538,56.023,51.877,7.075,29.012,136,1.144,7.565,15.385,23.077,2,3,3.618,41.3,,,#c2c1bb,#c2c1bb,#eb6834,#1a9e1a,Other batters,Middle order,Kent
2023,MD Stoneman,Middlesex,Opener,1.5,28,612,22.667,53.45,53.595,7.074,26.692,76,4.125,10.59,14.286,39.286,4,11,5.061,67.2,,,#c2c1bb,#c2c1bb,#2a78d6,#49d4d4,Other batters,Opener,Middlesex
2023,SR Dickson,Somerset,Opener,2.0,20,410,22.778,50.995,57.561,7.214,23.324,82*,2.827,8.12,15.0,30.0,3,6,-11.593,52.3,,,#c2c1bb,#c2c1bb,#2a78d6,#1a1a9e,Other batters,Opener,Somerset
2023,JA Simpson,Middlesex,All-rounder / keeper,6.0,25,564,23.5,39.303,49.645,4.808,20.791,75,4.06,10.375,12.0,28.0,3,7,1.066,58.6,,,#c2c1bb,#c2c1bb,#1baf7a,#49d4d4,Other batters,All-rounder / keeper,Middlesex
2023,BC Brown,Hampshire,All-rounder / keeper,6.0,22,501,23.857,47.488,52.295,6.161,24.141,95,2.134,8.595,9.091,40.909,2,9,-1.012,51.0,,,#c2c1bb,#c2c1bb,#1baf7a,#78d449,Other batters,All-rounder / keeper,Hampshire
2023,JM Cox,Kent,All-rounder / keeper,6.0,17,385,24.062,50.993,60.26,7.417,21.888,133,3.373,8.859,5.882,35.294,1,6,4.15,51.7,Jordan Cox,Cox 23,#1baf7a,#1baf7a,#1baf7a,#1a9e1a,Jordan Cox,All-rounder / keeper,Kent
2023,NLJ Browne,Essex,Opener,1.0,24,543,24.682,44.876,57.459,6.364,20.388,159,3.169,8.674,16.667,20.833,4,5,-2.182,52.2,,,#c2c1bb,#c2c1bb,#2a78d6,#9e721a,Other batters,Opener,Essex
2023,FS Middleton,Hampshire,Opener,2.0,24,610,25.417,46.177,60.984,7.04,19.381,77,4.715,9.696,8.333,29.167,2,7,3.608,57.1,,,#c2c1bb,#c2c1bb,#2a78d6,#78d449,Other batters,Opener,Hampshire
2023,SJ Mullaney,Nottinghamshire,All-rounder / keeper,6.0,21,485,25.526,50.259,62.268,7.15,20.424,86,4.541,9.052,4.762,42.857,1,9,-3.192,59.1,,,#c2c1bb,#c2c1bb,#1baf7a,#4978d4,Other batters,All-rounder / keeper,Nottinghamshire
2023,JA Leaning,Kent,Middle order,4.0,25,563,25.591,43.109,49.378,5.283,23.04,68*,3.421,8.966,12.0,32.0,3,8,4.564,54.8,,,#c2c1bb,#c2c1bb,#eb6834,#1a9e1a,Other batters,Middle order,Kent
2023,AL Davies,Warwickshire,Opener,2.0,17,437,25.706,61.898,64.989,9.915,24.057,118,2.735,9.304,0.0,17.647,0,3,-6.346,35.9,,,#c2c1bb,#c2c1bb,#2a78d6,#d449d4,Other batters,Opener,Warwickshire
2023,DJ Vilas,Lancashire,Middle order,4.5,16,363,25.929,58.643,46.832,6.624,33.391,124,2.501,7.164,12.5,18.75,2,3,4.43,42.6,,,#c2c1bb,#c2c1bb,#eb6834,#49d478,Other batters,Middle order,Lancashire
2023,M Montgomery,Nottinghamshire,Middle order,4.0,18,458,26.941,49.089,56.769,6.967,22.811,177,3.055,9.957,5.556,38.889,1,7,7.099,54.1,,,#c2c1bb,#c2c1bb,#eb6834,#4978d4,Other batters,Middle order,Nottinghamshire
2023,RJ Burns,Surrey,Opener,1.0,27,631,27.435,47.019,51.347,5.961,24.326,88,4.491,9.606,14.815,55.556,4,15,2.291,72.7,,,#c2c1bb,#c2c1bb,#2a78d6,#7849d4,Other batters,Opener,Surrey
2023,TJ Moores,Nottinghamshire,All-rounder / keeper,6.0,16,415,27.667,57.479,61.205,8.587,24.394,94,4.161,9.795,25.0,43.75,4,7,6.629,73.1,,,#c2c1bb,#c2c1bb,#1baf7a,#4978d4,Other batters,All-rounder / keeper,Nottinghamshire
2023,PI Walter,Essex,All-rounder / keeper,6.0,16,389,27.786,62.843,62.211,8.885,26.064,76,4.869,8.821,12.5,37.5,2,6,-10.564,63.6,,,#c2c1bb,#c2c1bb,#1baf7a,#9e721a,Other batters,All-rounder / keeper,Essex
2023,GJ Bell,Lancashire,All-rounder / keeper,6.0,16,447,27.938,57.677,61.745,8.774,24.187,91,3.132,7.947,6.25,18.75,1,3,4.359,41.6,,,#c2c1bb,#c2c1bb,#1baf7a,#49d478,Other batters,All-rounder / keeper,Lancashire
2023,H Hameed,Nottinghamshire,Opener,2.0,25,674,28.083,48.35,64.095,7.747,18.818,97,5.61,10.751,12.0,40.0,3,10,0.65,71.1,,,#c2c1bb,#c2c1bb,#2a78d6,#4978d4,Other batters,Opener,Nottinghamshire
2023,IG Holland,Hampshire,All-rounder / keeper,7.0,14,313,28.455,39.57,46.006,4.425,22.354,138*,2.882,9.091,7.143,21.429,1,3,-9.296,44.3,,,#c2c1bb,#c2c1bb,#1baf7a,#78d449,Other batters,All-rounder / keeper,Hampshire
2023,SA Zaib,Northamptonshire,All-rounder / keeper,6.0,19,514,28.556,52.664,53.307,6.762,26.374,57*,4.257,11.016,21.053,47.368,4,9,5.097,76.0,,,#c2c1bb,#c2c1bb,#1baf7a,#1a729e,Other batters,All-rounder / keeper,Northamptonshire
2023,MGK Burgess,Warwickshire,All-rounder / keeper,7.0,19,476,29.75,62.714,49.58,7.378,34.139,88,2.907,9.308,10.526,31.579,2,6,-4.55,52.0,,,#c2c1bb,#c2c1bb,#1baf7a,#d449d4,Other batters,All-rounder / keeper,Warwickshire
2023,TA Lammonby,Somerset,Opener,1.0,24,657,29.864,47.54,55.403,6.512,22.678,109,3.684,9.93,8.333,37.5,2,9,0.697,58.0,,,#c2c1bb,#c2c1bb,#2a78d6,#1a1a9e,Other batters,Opener,Somerset
2023,LA Procter,Northamptonshire,Middle order,4.0,19,480,30.0,38.4,36.667,3.52,25.207,87*,4.808,10.399,10.526,42.105,2,8,-1.675,67.4,,,#c2c1bb,#c2c1bb,#eb6834,#1a729e,Other batters,Middle order,Northamptonshire
2023,DR Mousley,Warwickshire,Middle order,5.0,20,571,30.053,57.1,59.545,8.1,25.136,94,6.198,11.971,10.0,45.0,2,9,3.489,75.4,,,#c2c1bb,#c2c1bb,#eb6834,#d449d4,Other batters,Middle order,Warwickshire
2023,EG Barnard,Warwickshire,All-rounder / keeper,6.0,20,482,30.125,51.772,51.037,6.445,27.095,95,3.445,9.905,25.0,45.0,5,9,7.827,70.9,,,#c2c1bb,#c2c1bb,#1baf7a,#d449d4,Other batters,All-rounder / keeper,Warwickshire
2023,GA Bartlett,Somerset,Middle order,4.0,13,395,30.385,51.432,56.709,7.161,23.983,134,2.817,9.907,15.385,23.077,2,3,-1.386,53.1,,,#c2c1bb,#c2c1bb,#eb6834,#1a1a9e,Other batters,Middle order,Somerset
2023,BG Compton,Kent,Opener,2.0,25,735,30.625,38.502,47.891,4.61,21.032,114*,4.564,11.706,12.0,44.0,3,11,2.013,71.4,,,#c2c1bb,#c2c1bb,#2a78d6,#1a9e1a,Other batters,Opener,Kent
2023,SR Harmer,Essex,All-rounder / keeper,7.0,23,524,30.824,51.881,55.344,6.733,24.841,83*,3.676,8.058,4.348,21.739,1,5,0.736,43.6,,,#c2c1bb,#c2c1bb,#1baf7a,#9e721a,Other batters,All-rounder / keeper,Essex
2023,WMH Rhodes,Warwickshire,Middle order,3.0,20,618,30.9,50.697,55.016,6.973,24.515,102,3.894,11.747,30.0,40.0,6,8,3.539,75.1,,,#c2c1bb,#c2c1bb,#eb6834,#d449d4,Other batters,Middle order,Warwickshire
2023,TB Abell,Somerset,Middle order,3.0,21,622,31.1,44.051,58.199,6.374,19.667,151,3.806,10.261,9.524,33.333,2,7,-0.835,58.0,Tom Abell,Abell 23,#eb6834,#eb6834,#eb6834,#1a1a9e,Tom Abell,Middle order,Somerset
2023,L Gregory,Somerset,All-rounder / keeper,7.0,12,343,31.182,55.954,58.309,8.157,25.4,65,4.658,10.4,8.333,33.333,1,4,-1.288,60.6,,,#c2c1bb,#c2c1bb,#1baf7a,#1a1a9e,Other batters,All-rounder / keeper,Somerset
2023,JDM Evison,Kent,All-rounder / keeper,7.0,22,597,31.421,51.026,57.956,7.094,23.091,99,3.539,10.384,9.091,36.364,2,8,-5.163,58.5,,,#c2c1bb,#c2c1bb,#1baf7a,#1a9e1a,Other batters,All-rounder / keeper,Kent
2023,BT Slater,Nottinghamshire,Opener,1.0,25,825,33.0,48.444,57.455,6.87,22.131,140,4.373,13.16,24.0,48.0,6,12,5.567,81.3,,,#c2c1bb,#c2c1bb,#2a78d6,#4978d4,Other batters,Opener,Nottinghamshire
2023,AN Cook,Essex,Opener,2.0,26,836,33.44,50.392,54.067,6.811,24.838,128,4.728,12.291,15.385,46.154,4,12,3.768,76.6,,,#c2c1bb,#c2c1bb,#2a78d6,#9e721a,Other batters,Opener,Essex
2023,LWP Wells,Lancashire,Opener,1.0,20,676,33.8,57.63,66.272,9.122,21.388,119,5.425,10.253,5.0,30.0,1,6,7.616,58.6,,,#c2c1bb,#c2c1bb,#2a78d6,#49d478,Other batters,Opener,Lancashire
2023,RM Yates,Warwickshire,Opener,1.0,19,583,34.294,46.64,51.458,5.92,24.065,228*,3.533,11.614,5.263,31.579,1,6,0.01,55.3,,,#c2c1bb,#c2c1bb,#2a78d6,#d449d4,Other batters,Opener,Warwickshire
2023,WG Jacks,Surrey,All-rounder / keeper,6.0,15,484,34.571,75.155,64.463,11.18,30.07,99,4.603,11.696,20.0,46.667,3,7,0.974,78.1,,,#c2c1bb,#c2c1bb,#1baf7a,#7849d4,Other batters,All-rounder / keeper,Surrey
2023,EN Gay,Northamptonshire,Opener,2.0,18,589,34.647,49.496,45.161,5.546,28.737,144,3.383,14.118,16.667,38.889,3,7,-16.537,71.5,,,#c2c1bb,#c2c1bb,#2a78d6,#1a729e,Other batters,Opener,Northamptonshire
2023,TS Muyeye,Kent,Opener,1.0,16,571,35.688,72.739,59.194,10.318,33.097,179,4.685,13.175,31.25,50.0,5,8,-5.512,84.5,,,#c2c1bb,#c2c1bb,#2a78d6,#1a9e1a,Other batters,Opener,Kent
2023,SD Robson,Middlesex,Opener,2.0,28,856,37.217,48.117,46.729,5.621,27.159,126*,6.239,14.812,25.0,35.714,7,10,-1.37,83.6,,,#c2c1bb,#c2c1bb,#2a78d6,#49d4d4,Other batters,Opener,Middlesex
2023,SM Whiteman,Northamptonshire,Middle order,3.0,21,719,37.842,46.628,52.573,6.031,23.533,130*,5.542,16.179,23.81,52.381,5,11,0.027,89.8,,,#c2c1bb,#c2c1bb,#eb6834,#1a729e,Other batters,Middle order,Northamptonshire
2023,DW Lawrence,Essex,Middle order,4.0,21,801,38.143,64.858,51.186,7.692,34.298,152,5.967,14.809,19.048,52.381,4,11,-4.07,87.8,,,#c2c1bb,#c2c1bb,#eb6834,#9e721a,Other batters,Middle order,Essex
2023,T Kohler-Cadmore,Somerset,Middle order,5.0,20,735,38.684,78.863,68.299,12.446,28.554,130,6.579,12.772,20.0,35.0,4,7,3.241,79.2,,,#c2c1bb,#c2c1bb,#eb6834,#1a1a9e,Other batters,Middle order,Somerset
2023,RI Keogh,Northamptonshire,Middle order,5.0,22,780,39.0,59.542,59.487,8.55,26.377,172,5.008,15.697,18.182,40.909,4,9,8.768,80.9,,,#c2c1bb,#c2c1bb,#eb6834,#1a729e,Other batters,Middle order,Northamptonshire
2023,DP Sibley,Surrey,Opener,2.0,25,746,39.263,37.81,47.453,4.41,20.785,140*,4.537,11.521,12.0,44.0,3,11,6.939,70.8,,,#c2c1bb,#c2c1bb,#2a78d6,#7849d4,Other batters,Opener,Surrey
2023,MJJ Critchley,Essex,Middle order,5.0,26,990,39.6,59.567,52.929,7.521,30.319,121,7.211,14.673,15.385,50.0,4,13,11.591,86.2,,,#c2c1bb,#c2c1bb,#eb6834,#9e721a,Other batters,Middle order,Essex
2023,BT Foakes,Surrey,Middle order,5.0,19,716,39.778,51.033,51.676,6.486,26.372,125,2.77,12.659,10.526,36.842,2,7,-0.48,61.0,,,#c2c1bb,#c2c1bb,#eb6834,#7849d4,Other batters,Middle order,Surrey
2023,LA Dawson,Hampshire,All-rounder / keeper,6.0,22,840,40.0,55.556,50.476,6.878,29.545,141,6.856,14.411,22.727,36.364,5,8,5.576,83.8,,,#c2c1bb,#c2c1bb,#1baf7a,#78d449,Other batters,All-rounder / keeper,Hampshire
2023,JL Smith,Surrey,Middle order,4.0,19,736,40.889,65.306,63.859,10.027,26.233,138,5.267,13.115,15.789,36.842,3,7,-7.479,75.3,,,#c2c1bb,#c2c1bb,#eb6834,#7849d4,Other batters,Middle order,Surrey
2023,Kasey Aldridge,Somerset,All-rounder / keeper,7.0,13,451,41.0,56.305,53.215,7.241,28.398,101*,4.517,10.667,7.692,46.154,1,6,0.909,66.4,,,#c2c1bb,#c2c1bb,#1baf7a,#1a1a9e,Other batters,All-rounder / keeper,Somerset
2023,RF Higgins,Middlesex,All-rounder / keeper,7.0,25,955,41.522,62.829,48.586,7.5,34.922,137,7.707,17.568,32.0,64.0,8,16,-4.743,96.8,,,#c2c1bb,#c2c1bb,#1baf7a,#49d4d4,Other batters,All-rounder / keeper,Middlesex
2023,Z Crawley,Kent,Opener,2.0,13,565,43.462,69.581,57.345,9.729,32.879,170,8.666,19.832,23.077,38.462,3,5,22.675,88.6,,,#c2c1bb,#c2c1bb,#2a78d6,#1a9e1a,Other batters,Opener,Kent
2023,DJ Bell-Drummond,Kent,Middle order,3.0,15,579,44.538,59.752,47.323,7.018,33.851,300*,4.57,14.07,13.333,46.667,2,7,-13.996,77.0,,,#c2c1bb,#c2c1bb,#eb6834,#1a9e1a,Other batters,Middle order,Kent
2023,T Westley,Essex,Middle order,3.0,27,1130,45.2,49.956,54.159,6.72,24.55,148,7.532,16.54,18.519,59.259,5,16,-8.111,92.1,,,#c2c1bb,#c2c1bb,#eb6834,#9e721a,Other batters,Middle order,Essex
2023,NRT Gubbins,Hampshire,Middle order,3.0,24,969,46.143,42.575,50.568,5.36,22.238,139*,7.391,15.403,20.833,62.5,5,15,7.856,92.6,,,#c2c1bb,#c2c1bb,#eb6834,#78d449,Other batters,Middle order,Hampshire
2023,SR Hain,Warwickshire,Middle order,4.0,16,706,47.067,45.725,43.626,4.922,27.112,165*,7.906,17.078,25.0,56.25,4,9,1.975,94.8,Sam Hain,Hain 23,#2a78d6,#2a78d6,#eb6834,#d449d4,Sam Hain,Middle order,Warwickshire
2023,JM Vince,Hampshire,Middle order,4.0,24,1007,47.952,62.469,56.207,8.499,29.898,186,8.2,16.007,25.0,54.167,6,13,3.036,94.0,,,#c2c1bb,#c2c1bb,#eb6834,#78d449,Other batters,Middle order,Hampshire
2023,JM Clarke,Nottinghamshire,Middle order,4.0,24,1053,50.143,56.582,61.918,8.436,23.533,229*,7.412,17.119,25.0,50.0,6,12,0.532,92.7,,,#c2c1bb,#c2c1bb,#eb6834,#4978d4,Other batters,Middle order,Nottinghamshire
2023,GP Balderson,Lancashire,All-rounder / keeper,6.5,16,702,50.143,52.232,59.259,7.589,23.027,116*,4.542,12.799,6.25,50.0,1,8,-6.133,70.5,,,#c2c1bb,#c2c1bb,#1baf7a,#49d478,Other batters,All-rounder / keeper,Lancashire
2023,KK Jennings,Lancashire,Opener,2.0,17,794,52.933,49.532,55.416,6.8,23.695,189*,6.441,13.871,23.529,41.176,4,7,-3.008,84.9,,,#c2c1bb,#c2c1bb,#2a78d6,#49d478,Other batters,Opener,Lancashire
2023,JEK Rew,Somerset,All-rounder / keeper,6.0,22,1086,57.158,50.046,54.88,6.59,24.174,221,4.767,16.785,18.182,54.545,4,12,5.875,85.6,,,#c2c1bb,#c2c1bb,#1baf7a,#1a1a9e,Other batters,All-rounder / keeper,Somerset
2023,JJ Bohannon,Lancashire,Middle order,3.0,22,1257,59.857,63.581,53.142,8.194,32.452,175,7.715,17.682,31.818,63.636,7,14,-3.12,96.8,,,#c2c1bb,#c2c1bb,#eb6834,#49d478,Other batters,Middle order,Lancashire
2024,BFW de Leede,Durham,All-rounder / keeper,7.5,12,213,19.364,54.476,62.911,8.44,22.067,79,1.395,5.723,0.0,25.0,0,3,-1.866,25.9,,,#c2c1bb,#c2c1bb,#1baf7a,#d47849,Other batters,All-rounder / keeper,Durham
2024,SG Borthwick,Durham,Opener,2.0,18,356,19.778,52.976,52.247,6.845,27.157,75,2.488,5.967,5.556,11.111,1,2,-5.061,31.5,,,#c2c1bb,#c2c1bb,#2a78d6,#d47849,Other batters,Opener,Durham
2024,GP Balderson,Lancashire,All-rounder / keeper,6.0,22,454,20.636,38.312,51.982,4.895,19.343,48,3.914,8.014,4.545,31.818,1,7,-0.115,48.8,,,#c2c1bb,#c2c1bb,#1baf7a,#49d478,Other batters,All-rounder / keeper,Lancashire
2024,GJ Bell,Lancashire,All-rounder / keeper,6.0,20,428,21.4,41.756,49.065,5.073,22.405,99,2.547,8.277,15.0,30.0,3,6,0.894,51.4,,,#c2c1bb,#c2c1bb,#1baf7a,#49d478,Other batters,All-rounder / keeper,Lancashire
2024,RP Jones,Worcestershire,Middle order,4.0,22,456,21.714,56.858,54.825,7.606,27.8,90,3.16,7.9,9.091,31.818,2,7,0.32,48.9,,,#c2c1bb,#c2c1bb,#eb6834,#9e1a72,Other batters,Middle order,Worcestershire
2024,Kasey Aldridge,Somerset,All-rounder / keeper,7.0,14,306,21.857,48.649,47.712,5.564,26.936,84,2.389,7.537,7.143,14.286,1,2,-2.979,36.5,,,#c2c1bb,#c2c1bb,#1baf7a,#1a1a9e,Other batters,All-rounder / keeper,Somerset
2024,ARI Umeed,Somerset,Middle order,3.0,19,410,22.778,64.567,62.927,9.606,26.481,73*,3.101,8.441,5.263,36.842,1,7,-0.468,50.0,,,#c2c1bb,#c2c1bb,#eb6834,#1a1a9e,Other batters,Middle order,Somerset
2024,G Clark,Durham,All-rounder / keeper,7.0,12,255,23.182,42.571,37.647,3.84,27.604,76,3.002,6.329,0.0,25.0,0,3,-5.495,33.5,,,#c2c1bb,#c2c1bb,#1baf7a,#d47849,Other batters,All-rounder / keeper,Durham
2024,TC Bruce,Lancashire,Middle order,5.0,12,271,24.636,65.144,52.399,8.173,33.77,73,5.502,9.364,8.333,41.667,1,5,0.642,65.3,,,#c2c1bb,#c2c1bb,#eb6834,#49d478,Other batters,Middle order,Lancashire
2024,AJ Hose,Worcestershire,Middle order,5.0,22,526,25.048,48.524,59.316,7.011,21.23,90,3.876,8.8,0.0,27.273,0,6,1.809,43.0,,,#c2c1bb,#c2c1bb,#eb6834,#9e1a72,Other batters,Middle order,Worcestershire
2024,DR Mousley,Warwickshire,Middle order,5.0,18,402,25.125,56.78,46.766,6.497,32.326,62,3.589,7.024,0.0,27.778,0,5,7.569,38.8,,,#c2c1bb,#c2c1bb,#eb6834,#d449d4,Other batters,Middle order,Warwickshire
2024,L Gregory,Somerset,All-rounder / keeper,7.0,17,385,25.667,59.14,53.506,7.527,29.734,80,2.547,8.312,11.765,35.294,2,6,-0.413,51.8,,,#c2c1bb,#c2c1bb,#1baf7a,#1a1a9e,Other batters,All-rounder / keeper,Somerset
2024,BT Foakes,Surrey,Middle order,5.0,16,404,26.933,38.772,43.069,4.127,23.023,82,3.518,7.446,0.0,25.0,0,4,1.022,37.8,,,#c2c1bb,#c2c1bb,#eb6834,#7849d4,Other batters,Middle order,Surrey
2024,HZ Finch,Kent,All-rounder / keeper,6.0,26,656,27.333,45.619,52.439,5.981,23.077,85,4.027,9.167,3.846,30.769,1,8,4.11,50.8,,,#c2c1bb,#c2c1bb,#1baf7a,#1a9e1a,Other batters,All-rounder / keeper,Kent
2024,LWP Wells,Lancashire,Opener,1.0,23,674,29.304,53.705,51.335,6.693,28.01,150,4.55,11.714,13.043,43.478,3,10,-0.972,72.0,,,#c2c1bb,#c2c1bb,#2a78d6,#49d478,Other batters,Opener,Lancashire
2024,FS Middleton,Hampshire,Opener,2.0,21,604,30.2,46.931,50.993,5.905,24.443,116,2.307,9.272,9.524,33.333,2,7,-6.219,49.6,,,#c2c1bb,#c2c1bb,#2a78d6,#78d449,Other batters,Opener,Hampshire
2024,GH Roderick,Worcestershire,Opener,1.0,23,695,30.217,46.959,44.892,5.203,27.299,122,4.926,11.433,4.348,34.783,1,8,1.58,61.6,,,#c2c1bb,#c2c1bb,#2a78d6,#9e1a72,Other batters,Opener,Worcestershire
2024,JG Bethell,Warwickshire,All-rounder / keeper,7.0,16,466,31.067,47.795,55.365,6.462,22.807,93,4.459,9.365,18.75,37.5,3,6,5.093,67.9,,,#c2c1bb,#c2c1bb,#1baf7a,#d449d4,Other batters,All-rounder / keeper,Warwickshire
2024,EA Brookes,Worcestershire,All-rounder / keeper,7.0,12,345,31.364,55.556,63.768,8.857,22.085,132,4.088,11.489,8.333,33.333,1,4,-13.255,60.6,,,#c2c1bb,#c2c1bb,#1baf7a,#9e1a72,Other batters,All-rounder / keeper,Worcestershire
2024,BG Compton,Kent,Opener,2.0,26,833,32.038,41.034,51.621,5.271,20.957,165,4.935,11.953,15.385,46.154,4,12,-6.124,76.8,,,#c2c1bb,#c2c1bb,#2a78d6,#1a9e1a,Other batters,Opener,Kent
2024,MF Hurst,Lancashire,All-rounder / keeper,6.0,23,677,32.238,48.082,47.563,5.398,26.652,104,3.49,11.766,26.087,47.826,6,11,-8.098,76.2,,,#c2c1bb,#c2c1bb,#1baf7a,#49d478,Other batters,All-rounder / keeper,Lancashire
2024,JD Libby,Worcestershire,Opener,2.0,23,710,32.273,48.005,51.549,6.153,24.784,101*,4.252,11.68,17.391,43.478,4,10,3.725,74.2,,,#c2c1bb,#c2c1bb,#2a78d6,#9e1a72,Other batters,Opener,Worcestershire
2024,TE Albert,Hampshire,Opener,1.0,12,388,32.333,43.352,50.515,5.251,22.642,124,1.955,9.144,8.333,25.0,1,3,6.709,42.6,,,#c2c1bb,#c2c1bb,#2a78d6,#78d449,Other batters,Opener,Hampshire
2024,BL D'Oliveira,Worcestershire,All-rounder / keeper,6.0,17,518,32.375,59.2,48.649,7.086,32.718,97,3.114,10.672,17.647,47.059,3,8,1.437,69.3,,,#c2c1bb,#c2c1bb,#1baf7a,#9e1a72,Other batters,All-rounder / keeper,Worcestershire
2024,JA Haynes,Nottinghamshire,All-rounder / keeper,6.0,19,622,32.737,49.8,48.232,5.925,27.404,77,5.465,11.451,10.526,47.368,2,9,1.093,74.0,,,#c2c1bb,#c2c1bb,#1baf7a,#4978d4,Other batters,All-rounder / keeper,Nottinghamshire
2024,MJ Waite,Worcestershire,All-rounder / keeper,7.0,14,433,33.308,69.502,55.427,8.989,34.039,100*,4.9,11.925,21.429,50.0,3,7,-1.287,81.2,,,#c2c1bb,#c2c1bb,#1baf7a,#9e1a72,Other batters,All-rounder / keeper,Worcestershire
2024,TS Muyeye,Kent,Opener,2.0,17,572,33.647,65.823,58.741,9.321,29.949,211,4.386,12.437,23.529,35.294,4,6,-2.971,74.5,,,#c2c1bb,#c2c1bb,#2a78d6,#1a9e1a,Other batters,Opener,Kent
2024,JL Denly,Kent,Middle order,5.0,19,620,34.444,56.312,48.387,6.54,31.098,110,5.51,11.861,21.053,52.632,4,10,-2.709,83.9,,,#c2c1bb,#c2c1bb,#eb6834,#1a9e1a,Other batters,Middle order,Kent
2024,JJ Bohannon,Lancashire,Middle order,3.0,23,803,34.913,52.518,55.044,6.998,25.387,205,5.181,13.956,8.696,47.826,2,11,-2.304,75.2,,,#c2c1bb,#c2c1bb,#eb6834,#49d478,Other batters,Middle order,Lancashire
2024,DJ Bell-Drummond,Kent,Middle order,3.0,26,853,35.542,54.331,52.521,7.07,27.759,135,5.349,12.24,11.538,38.462,3,10,-0.454,71.9,,,#c2c1bb,#c2c1bb,#eb6834,#1a9e1a,Other batters,Middle order,Kent
2024,LW James,Nottinghamshire,All-rounder / keeper,7.0,19,502,35.857,41.215,43.028,4.433,24.57,106*,1.873,9.242,10.526,21.053,2,4,1.015,42.9,,,#c2c1bb,#c2c1bb,#1baf7a,#4978d4,Other batters,All-rounder / keeper,Nottinghamshire
2024,JEK Rew,Somerset,All-rounder / keeper,6.0,23,726,36.3,66.484,53.719,8.516,33.634,114,3.88,11.157,4.348,34.783,1,8,1.846,57.0,,,#c2c1bb,#c2c1bb,#1baf7a,#1a1a9e,Other batters,All-rounder / keeper,Somerset
2024,MJJ Critchley,Essex,Middle order,5.0,20,662,36.778,54.262,43.505,5.574,32.465,151*,4.544,10.076,5.0,40.0,1,8,6.962,60.5,,,#c2c1bb,#c2c1bb,#eb6834,#9e721a,Other batters,Middle order,Essex
2024,RM Yates,Warwickshire,Opener,1.0,21,738,36.9,66.129,60.434,9.677,28.968,191,3.883,12.02,19.048,47.619,4,10,2.543,75.8,,,#c2c1bb,#c2c1bb,#2a78d6,#d449d4,Other batters,Opener,Warwickshire
2024,MT Renshaw,Somerset,Opener,1.0,12,414,37.636,49.522,50.725,6.1,25.987,87,6.081,12.557,8.333,33.333,1,4,0.446,68.5,,,#c2c1bb,#c2c1bb,#2a78d6,#1a1a9e,Other batters,Opener,Somerset
2024,JDM Evison,Kent,All-rounder / keeper,6.0,23,753,37.65,50.2,52.058,6.2,25.657,85,4.144,11.973,17.391,39.13,4,9,2.385,72.5,,,#c2c1bb,#c2c1bb,#1baf7a,#1a9e1a,Other batters,All-rounder / keeper,Kent
2024,JA Leaning,Kent,Middle order,4.0,20,728,38.316,47.52,47.527,5.614,26.418,179*,3.297,13.302,20.0,35.0,4,7,4.436,69.7,,,#c2c1bb,#c2c1bb,#eb6834,#1a9e1a,Other batters,Middle order,Kent
2024,SR Hain,Warwickshire,Middle order,4.0,13,430,39.091,41.506,40.93,4.151,25.579,153*,4.261,12.004,15.385,23.077,2,3,0.946,63.3,Sam Hain,Hain 24,#2a78d6,#2a78d6,#eb6834,#d449d4,Sam Hain,Middle order,Warwickshire
2024,TA Lammonby,Somerset,Middle order,3.0,25,941,39.208,54.901,54.41,7.41,27.032,100,6.757,13.655,20.0,44.0,5,11,-13.04,85.0,,,#c2c1bb,#c2c1bb,#eb6834,#1a1a9e,Other batters,Middle order,Somerset
2024,EG Barnard,Warwickshire,All-rounder / keeper,6.0,22,840,40.0,57.26,49.762,6.953,30.916,165,6.779,12.997,18.182,45.455,4,10,-10.096,84.2,,,#c2c1bb,#c2c1bb,#1baf7a,#d449d4,Other batters,All-rounder / keeper,Warwickshire
2024,PI Walter,Essex,All-rounder / keeper,6.0,12,490,40.833,67.68,56.735,9.116,32.219,134,3.183,12.039,25.0,41.667,3,5,-0.94,72.6,,,#c2c1bb,#c2c1bb,#1baf7a,#9e721a,Other batters,All-rounder / keeper,Essex
2024,BC Brown,Hampshire,Middle order,6.0,18,657,41.062,58.142,44.444,6.372,34.499,165*,5.398,10.783,11.111,38.889,2,7,6.494,69.2,,,#c2c1bb,#c2c1bb,#eb6834,#78d449,Other batters,Middle order,Hampshire
2024,WA Young,Nottinghamshire,Middle order,3.0,12,377,41.889,45.531,53.05,5.918,22.721,174*,2.537,10.846,0.0,33.333,0,4,-5.376,45.0,,,#c2c1bb,#c2c1bb,#eb6834,#4978d4,Other batters,Middle order,Nottinghamshire
2024,T Westley,Essex,Middle order,3.0,20,801,42.158,46.678,52.185,6.061,23.759,135,7.075,12.734,15.0,45.0,3,9,5.993,81.6,,,#c2c1bb,#c2c1bb,#eb6834,#9e721a,Other batters,Middle order,Essex
2024,Kashif Ali,Worcestershire,Middle order,3.0,20,767,42.611,65.0,59.192,9.237,29.225,133,4.465,13.837,30.0,35.0,6,7,-8.201,77.6,,,#c2c1bb,#c2c1bb,#eb6834,#9e1a72,Other batters,Middle order,Worcestershire
2024,MS Pepper,Essex,All-rounder / keeper,7.0,14,523,43.583,79.363,52.772,9.863,41.582,115,5.423,11.24,7.143,42.857,1,6,3.763,68.8,,,#c2c1bb,#c2c1bb,#1baf7a,#9e721a,Other batters,All-rounder / keeper,Essex
2024,DP Sibley,Surrey,Opener,2.0,22,832,43.789,47.327,56.49,6.598,22.046,150,4.241,13.198,27.273,45.455,6,10,-7.112,80.7,,,#c2c1bb,#c2c1bb,#2a78d6,#7849d4,Other batters,Opener,Surrey
2024,BT Slater,Nottinghamshire,Opener,2.0,26,949,45.19,51.548,57.745,7.333,23.505,168*,4.952,13.882,23.077,50.0,6,13,-5.402,84.8,,,#c2c1bb,#c2c1bb,#2a78d6,#4978d4,Other batters,Opener,Nottinghamshire
2024,KK Jennings,Lancashire,Opener,2.0,23,1006,45.727,55.427,58.25,7.879,25.12,187*,5.889,17.483,30.435,43.478,7,10,13.248,89.0,,,#c2c1bb,#c2c1bb,#2a78d6,#49d478,Other batters,Opener,Lancashire
2024,AZ Lees,Durham,Opener,1.0,21,924,46.2,54.035,47.403,6.374,30.356,145,5.322,13.659,19.048,52.381,4,11,4.106,84.7,,,#c2c1bb,#c2c1bb,#2a78d6,#d47849,Other batters,Opener,Durham
2024,CN Ackermann,Durham,Middle order,3.0,18,743,46.438,50.682,40.915,5.116,31.56,186,5.925,12.872,16.667,50.0,3,9,10.93,83.2,,,#c2c1bb,#c2c1bb,#eb6834,#d47849,Other batters,Middle order,Durham
2024,DW Lawrence,Surrey,All-rounder / keeper,6.0,14,617,47.462,74.159,50.567,8.894,40.237,175,4.194,13.416,21.429,42.857,3,6,-13.43,77.8,,,#c2c1bb,#c2c1bb,#1baf7a,#7849d4,Other batters,All-rounder / keeper,Surrey
2024,OG Robinson,Durham,Middle order,5.0,20,871,48.389,83.75,61.309,11.923,36.79,198,6.423,13.129,15.0,40.0,3,8,-7.593,79.0,,,#c2c1bb,#c2c1bb,#eb6834,#d47849,Other batters,Middle order,Durham
2024,TJ Prest,Hampshire,Middle order,5.0,13,582,48.5,73.208,58.076,9.686,33.983,156,4.467,14.693,15.385,61.538,2,8,8.152,82.1,,,#c2c1bb,#c2c1bb,#eb6834,#78d449,Other batters,Middle order,Hampshire
2024,WMH Rhodes,Warwickshire,Middle order,3.0,23,1020,48.571,54.226,55.294,7.443,26.192,201,5.818,15.19,13.043,43.478,3,10,3.885,80.4,,,#c2c1bb,#c2c1bb,#eb6834,#d449d4,Other batters,Middle order,Warwickshire
2024,JM Vince,Hampshire,Middle order,4.0,22,986,49.3,65.428,54.158,8.693,32.849,211,7.623,15.081,22.727,59.091,5,13,-0.947,93.0,,,#c2c1bb,#c2c1bb,#eb6834,#78d449,Other batters,Middle order,Hampshire
2024,T Banton,Somerset,Middle order,5.0,19,891,49.5,68.276,56.117,9.042,32.94,133,7.253,15.043,21.053,52.632,4,10,14.282,90.8,,,#c2c1bb,#c2c1bb,#eb6834,#1a1a9e,Other batters,Middle order,Somerset
2024,TB Abell,Somerset,Middle order,4.0,15,658,50.615,54.833,44.377,6.0,32.447,152*,5.446,17.078,26.667,53.333,4,8,8.395,90.8,Tom Abell,Abell 24,#eb6834,#eb6834,#eb6834,#1a1a9e,Tom Abell,Middle order,Somerset
2024,AL Davies,Warwickshire,Opener,2.0,23,1115,50.682,61.979,55.964,8.394,29.794,256,4.381,16.605,21.739,47.826,5,11,1.133,83.6,,,#c2c1bb,#c2c1bb,#2a78d6,#d449d4,Other batters,Opener,Warwickshire
2024,JM Clarke,Nottinghamshire,Middle order,4.0,21,917,50.944,55.174,55.18,7.341,26.688,213*,5.455,15.018,23.81,52.381,5,11,-6.414,88.6,,,#c2c1bb,#c2c1bb,#eb6834,#4978d4,Other batters,Middle order,Nottinghamshire
2024,H Hameed,Nottinghamshire,Opener,1.0,26,1091,51.952,53.22,49.129,6.537,28.967,247*,6.522,15.96,19.231,61.538,5,16,1.753,91.1,,,#c2c1bb,#c2c1bb,#2a78d6,#4978d4,Other batters,Opener,Nottinghamshire
2024,RJ Burns,Surrey,Opener,1.0,22,1073,53.65,54.55,47.717,6.304,30.44,227,6.327,17.021,27.273,59.091,6,13,4.162,93.8,,,#c2c1bb,#c2c1bb,#2a78d6,#7849d4,Other batters,Opener,Surrey
2024,NRT Gubbins,Hampshire,Middle order,3.0,18,895,55.938,46.229,49.385,5.682,24.808,201*,7.321,14.904,22.222,38.889,4,7,5.665,85.7,,,#c2c1bb,#c2c1bb,#eb6834,#78d449,Other batters,Middle order,Hampshire
2024,JL Smith,Surrey,Middle order,4.0,12,677,56.417,76.67,66.47,12.005,29.215,155,7.647,17.284,16.667,58.333,2,7,7.266,91.4,,,#c2c1bb,#c2c1bb,#eb6834,#7849d4,Other batters,Middle order,Surrey
2024,D Elgar,Essex,Opener,1.0,21,1144,57.2,56.802,50.874,7.2,30.07,182,7.356,16.878,14.286,52.381,3,11,3.89,87.8,,,#c2c1bb,#c2c1bb,#2a78d6,#9e721a,Other batters,Opener,Essex
2024,LA Dawson,Hampshire,All-rounder / keeper,6.0,20,956,59.75,67.041,49.372,7.574,36.722,120,7.741,15.182,20.0,50.0,4,10,-4.761,90.1,,,#c2c1bb,#c2c1bb,#1baf7a,#78d449,Other batters,All-rounder / keeper,Hampshire
2024,JM Cox,Essex,Middle order,4.0,15,918,65.571,70.615,56.863,9.385,33.616,207,7.072,18.441,46.667,53.333,7,8,-4.213,95.4,Jordan Cox,Cox 24,#1baf7a,#1baf7a,#eb6834,#9e721a,Jordan Cox,Middle order,Essex
2024,DG Bedingham,Durham,Middle order,4.0,18,1331,78.294,78.065,55.447,10.088,38.682,279,9.257,23.06,27.778,66.667,5,12,7.685,97.7,,,#c2c1bb,#c2c1bb,#eb6834,#d47849,Other batters,Middle order,Durham
2025,JH Davey,Somerset,Opener,2.0,15,294,19.6,47.573,55.102,6.311,22.798,64,3.767,7.918,6.667,33.333,1,5,2.932,50.7,,,#c2c1bb,#c2c1bb,#2a78d6,#1a1a9e,Other batters,Opener,Somerset
2025,TE Albert,Hampshire,Middle order,5.0,18,341,20.059,41.484,48.68,4.866,22.379,78*,3.871,8.449,5.556,33.333,1,6,-7.454,51.3,,,#c2c1bb,#c2c1bb,#eb6834,#78d449,Other batters,Middle order,Hampshire
2025,AM Vaughan,Somerset,Opener,2.0,23,389,20.474,48.808,60.668,7.403,20.732,80,2.089,5.899,4.348,21.739,1,5,-0.437,32.8,,,#c2c1bb,#c2c1bb,#2a78d6,#1a1a9e,Other batters,Opener,Somerset
2025,Kashif Ali,Worcestershire,Middle order,3.0,22,457,20.773,45.203,51.641,5.737,23.19,65,4.02,7.879,0.0,27.273,0,6,5.431,41.5,,,#c2c1bb,#c2c1bb,#eb6834,#9e1a72,Other batters,Middle order,Worcestershire
2025,MD Stoneman,Hampshire,Opener,1.0,12,259,21.583,38.37,53.282,4.889,18.847,57,2.783,9.069,0.0,16.667,0,2,1.263,35.1,,,#c2c1bb,#c2c1bb,#2a78d6,#78d449,Other batters,Opener,Hampshire
2025,GCH Hill,Yorkshire,All-rounder / keeper,7.0,19,420,22.105,53.64,56.667,7.535,25.138,88,2.502,7.274,0.0,15.789,0,3,3.822,30.0,,,#c2c1bb,#c2c1bb,#1baf7a,#d44978,Other batters,All-rounder / keeper,Yorkshire
2025,TGR Clark,Sussex,Middle order,3.0,15,341,22.733,47.493,56.305,6.546,22.206,140,1.117,6.742,6.667,13.333,1,2,-3.449,29.4,,,#c2c1bb,#c2c1bb,#eb6834,#721a9e,Other batters,Middle order,Sussex
2025,FJ Hudson-Prentice,Sussex,All-rounder / keeper,7.0,21,488,24.4,44.853,49.59,5.423,23.907,74,3.098,7.731,0.0,23.81,0,5,-3.724,36.1,,,#c2c1bb,#c2c1bb,#1baf7a,#721a9e,Other batters,All-rounder / keeper,Sussex
2025,NRM Thain,Essex,All-rounder / keeper,7.0,19,394,24.625,38.215,49.746,4.753,20.163,54,2.739,7.051,10.526,31.579,2,6,-1.51,47.1,,,#c2c1bb,#c2c1bb,#1baf7a,#9e721a,Other batters,All-rounder / keeper,Essex
2025,BL D'Oliveira,Worcestershire,All-rounder / keeper,6.0,21,523,24.905,42.008,44.742,4.659,24.347,121,5.712,10.408,9.524,42.857,2,9,-10.167,69.8,,,#c2c1bb,#c2c1bb,#1baf7a,#9e1a72,Other batters,All-rounder / keeper,Worcestershire
2025,TP Alsop,Sussex,Middle order,4.0,21,485,25.526,43.498,50.309,5.471,22.865,82*,5.748,8.767,14.286,42.857,3,9,4.893,70.1,,,#c2c1bb,#c2c1bb,#eb6834,#721a9e,Other batters,Middle order,Sussex
2025,NRT Gubbins,Hampshire,Middle order,3.0,24,623,25.958,41.176,50.722,5.221,21.409,117,3.396,10.274,12.5,29.167,3,7,-2.368,56.8,,,#c2c1bb,#c2c1bb,#eb6834,#78d449,Other batters,Middle order,Hampshire
2025,FJ Bean,Yorkshire,Opener,2.0,22,555,26.429,40.422,60.18,5.972,17.119,224,2.61,8.619,9.091,27.273,2,6,-6.905,45.9,,,#c2c1bb,#c2c1bb,#2a78d6,#d44978,Other batters,Opener,Yorkshire
2025,TJ Prest,Hampshire,Middle order,5.0,19,485,26.944,57.876,53.196,7.637,29.328,57,3.862,9.721,10.526,31.579,2,6,-0.535,56.9,,,#c2c1bb,#c2c1bb,#eb6834,#78d449,Other batters,Middle order,Hampshire
2025,AL Davies,Warwickshire,Opener,2.0,24,649,27.042,56.83,65.331,9.194,21.697,78,4.789,9.951,8.333,25.0,2,6,-1.038,55.8,,,#c2c1bb,#c2c1bb,#2a78d6,#d449d4,Other batters,Opener,Warwickshire
2025,FS Middleton,Hampshire,Opener,2.0,24,665,27.708,48.682,54.135,6.589,23.903,79,4.39,10.966,8.333,50.0,2,12,-0.787,68.2,,,#c2c1bb,#c2c1bb,#2a78d6,#78d449,Other batters,Opener,Hampshire
2025,OG Robinson,Durham,Middle order,5.0,22,594,28.286,67.963,56.229,9.382,32.828,141,3.552,9.11,9.091,31.818,2,7,0.395,53.1,,,#c2c1bb,#c2c1bb,#eb6834,#d47849,Other batters,Middle order,Durham
2025,GH Roderick,Worcestershire,Opener,1.0,26,722,28.88,46.371,50.139,5.78,24.54,151,5.083,11.189,19.231,46.154,5,12,-2.129,78.4,,,#c2c1bb,#c2c1bb,#2a78d6,#9e1a72,Other batters,Opener,Worcestershire
2025,WMH Rhodes,Durham,Middle order,5.0,13,360,30.0,50.562,52.778,6.461,25.526,151*,2.111,8.819,0.0,30.769,0,4,4.081,37.6,,,#c2c1bb,#c2c1bb,#eb6834,#d47849,Other batters,Middle order,Durham
2025,RM Yates,Warwickshire,Opener,1.0,24,674,30.636,51.966,60.534,7.864,22.259,115,4.056,10.334,16.667,29.167,4,7,1.707,62.9,,,#c2c1bb,#c2c1bb,#2a78d6,#d449d4,Other batters,Opener,Warwickshire
2025,K Smith,Warwickshire,All-rounder / keeper,7.0,13,375,31.25,59.713,58.667,8.439,26.957,79,1.93,9.403,15.385,30.769,2,4,2.168,51.8,,,#c2c1bb,#c2c1bb,#1baf7a,#d449d4,Other batters,All-rounder / keeper,Warwickshire
2025,BS McKinney,Durham,Opener,2.0,18,565,31.389,50.582,60.177,7.431,21.76,153,3.287,11.129,16.667,27.778,3,5,-5.304,60.8,,,#c2c1bb,#c2c1bb,#2a78d6,#d47849,Other batters,Opener,Durham
2025,EA Brookes,Worcestershire,All-rounder / keeper,7.0,26,788,31.52,60.337,63.452,8.652,24.141,140,4.458,12.211,15.385,38.462,4,10,-6.0,71.8,,,#c2c1bb,#c2c1bb,#1baf7a,#9e1a72,Other batters,All-rounder / keeper,Worcestershire
2025,CN Ackermann,Durham,Middle order,4.0,20,607,31.947,48.677,51.73,6.255,25.064,124,2.064,10.592,25.0,30.0,5,6,-1.685,59.2,,,#c2c1bb,#c2c1bb,#eb6834,#d47849,Other batters,Middle order,Durham
2025,JM Clarke,Nottinghamshire,Middle order,4.0,21,664,33.2,56.271,53.916,7.288,27.971,119,3.025,8.922,14.286,23.81,3,5,-3.738,51.2,,,#c2c1bb,#c2c1bb,#eb6834,#4978d4,Other batters,Middle order,Nottinghamshire
2025,JH Wharton,Yorkshire,Middle order,3.0,23,700,33.333,47.554,49.143,5.639,25.63,85,5.905,10.241,13.043,39.13,3,9,-2.328,71.2,,,#c2c1bb,#c2c1bb,#eb6834,#d44978,Other batters,Middle order,Yorkshire
2025,K Verreynne,Nottinghamshire,All-rounder / keeper,6.0,16,500,33.333,58.617,54.0,7.62,29.188,128*,4.238,9.553,6.25,31.25,1,5,5.256,54.6,,,#c2c1bb,#c2c1bb,#1baf7a,#4978d4,Other batters,All-rounder / keeper,Nottinghamshire
2025,DR Mousley,Warwickshire,Middle order,5.0,13,403,33.583,61.433,60.05,8.994,26.968,75,4.748,11.384,7.692,38.462,1,5,2.315,65.3,,,#c2c1bb,#c2c1bb,#eb6834,#d449d4,Other batters,Middle order,Warwickshire
2025,TA Lammonby,Somerset,Middle order,3.0,25,810,33.75,56.604,47.407,6.709,31.91,133,4.498,11.41,16.0,40.0,4,10,-9.298,71.9,,,#c2c1bb,#c2c1bb,#eb6834,#1a1a9e,Other batters,Middle order,Somerset
2025,RS Patel,Surrey,All-rounder / keeper,6.0,20,548,34.25,57.382,60.219,8.272,24.886,92,2.271,8.079,15.0,30.0,3,6,-5.279,49.8,,,#c2c1bb,#c2c1bb,#1baf7a,#7849d4,Other batters,All-rounder / keeper,Surrey
2025,DP Hughes,Sussex,Opener,1.0,24,815,35.435,51.812,64.785,8.392,19.917,151,5.941,12.267,20.833,45.833,5,11,4.897,83.1,,,#c2c1bb,#c2c1bb,#2a78d6,#721a9e,Other batters,Opener,Sussex
2025,TJ Haines,Sussex,Opener,2.0,26,843,36.652,59.745,58.837,8.646,26.92,174,3.631,12.105,19.231,38.462,5,10,9.936,71.2,,,#c2c1bb,#c2c1bb,#2a78d6,#721a9e,Other batters,Opener,Sussex
2025,FW McCann,Nottinghamshire,Middle order,3.0,22,747,37.35,52.532,52.744,6.892,26.662,138,4.061,10.097,13.636,45.455,3,10,0.615,68.1,,,#c2c1bb,#c2c1bb,#eb6834,#4978d4,Other batters,Middle order,Nottinghamshire
2025,RJ Burns,Surrey,Opener,1.0,24,785,37.381,54.476,58.344,7.772,24.605,78,4.11,10.605,16.667,45.833,4,11,1.935,72.1,,,#c2c1bb,#c2c1bb,#2a78d6,#7849d4,Other batters,Opener,Surrey
2025,Z Malik,Warwickshire,Middle order,5.0,15,502,38.615,59.976,58.964,8.363,26.858,142,5.639,11.399,13.333,33.333,2,5,8.887,70.3,,,#c2c1bb,#c2c1bb,#eb6834,#d449d4,Other batters,Middle order,Warwickshire
2025,CWJ Allison,Essex,Opener,4.0,20,735,38.684,56.236,61.769,8.34,23.456,140,3.944,12.283,25.0,35.0,5,7,-1.878,72.8,,,#c2c1bb,#c2c1bb,#2a78d6,#9e721a,Other batters,Opener,Essex
2025,LA Dawson,Hampshire,All-rounder / keeper,6.0,16,555,39.643,56.402,52.613,7.114,28.775,139,5.156,14.115,12.5,50.0,2,8,-2.391,79.4,,,#c2c1bb,#c2c1bb,#1baf7a,#78d449,Other batters,All-rounder / keeper,Hampshire
2025,T Westley,Essex,Middle order,3.0,24,841,40.048,42.475,50.892,5.404,22.05,148,3.835,11.931,12.5,29.167,3,7,3.9,62.0,,,#c2c1bb,#c2c1bb,#eb6834,#9e721a,Other batters,Middle order,Essex
2025,D Elgar,Essex,Opener,1.0,18,725,40.278,47.293,53.793,6.262,23.312,150,5.668,13.421,5.556,50.0,1,9,-0.527,74.5,,,#c2c1bb,#c2c1bb,#2a78d6,#9e721a,Other batters,Opener,Essex
2025,JA Haynes,Nottinghamshire,Middle order,5.0,20,825,41.25,55.894,54.788,7.52,27.326,157,3.475,11.22,10.0,25.0,2,5,1.389,55.0,,,#c2c1bb,#c2c1bb,#eb6834,#4978d4,Other batters,Middle order,Nottinghamshire
2025,AZ Lees,Durham,Opener,1.0,25,950,41.304,56.113,53.895,7.501,27.969,172,4.587,13.699,16.0,44.0,4,11,-2.258,77.4,,,#c2c1bb,#c2c1bb,#2a78d6,#d47849,Other batters,Opener,Durham
2025,BC Brown,Hampshire,Middle order,5.0,23,758,42.111,51.53,47.23,5.982,28.923,162,4.595,13.151,21.739,30.435,5,7,7.34,73.0,,,#c2c1bb,#c2c1bb,#eb6834,#78d449,Other batters,Middle order,Hampshire
2025,G Clark,Durham,All-rounder / keeper,7.0,20,768,42.667,51.509,50.26,6.304,27.344,160,5.029,13.113,5.0,45.0,1,9,-2.961,69.9,,,#c2c1bb,#c2c1bb,#1baf7a,#d47849,Other batters,All-rounder / keeper,Durham
2025,BT Foakes,Surrey,Middle order,5.0,18,683,42.688,49.673,54.758,6.691,24.084,174*,5.383,12.088,16.667,22.222,3,4,-9.776,68.1,,,#c2c1bb,#c2c1bb,#eb6834,#7849d4,Other batters,Middle order,Surrey
2025,MS Pepper,Essex,All-rounder / keeper,6.0,21,816,42.947,57.831,53.676,7.512,28.966,140,5.223,12.092,14.286,42.857,3,9,3.019,75.6,,,#c2c1bb,#c2c1bb,#1baf7a,#9e721a,Other batters,All-rounder / keeper,Essex
2025,MJJ Critchley,Essex,Middle order,5.0,22,859,42.95,52.282,54.482,6.878,25.556,145*,4.403,12.546,9.091,50.0,2,11,4.051,71.6,,,#c2c1bb,#c2c1bb,#eb6834,#9e721a,Other batters,Middle order,Essex
2025,BT Slater,Nottinghamshire,Opener,2.0,25,1000,43.478,53.967,61.0,8.095,22.901,124,5.95,12.713,20.0,56.0,5,14,-3.317,86.4,,,#c2c1bb,#c2c1bb,#2a78d6,#4978d4,Other batters,Opener,Nottinghamshire
2025,JD Libby,Worcestershire,Opener,2.0,26,1060,44.167,51.632,45.66,5.796,29.783,228*,5.96,16.426,23.077,50.0,6,13,0.375,89.7,,,#c2c1bb,#c2c1bb,#2a78d6,#9e1a72,Other batters,Opener,Worcestershire
2025,T Banton,Somerset,All-rounder / keeper,6.0,17,669,44.6,64.951,55.306,8.835,31.842,371,3.138,13.845,17.647,29.412,3,5,18.16,65.9,,,#c2c1bb,#c2c1bb,#1baf7a,#1a1a9e,Other batters,All-rounder / keeper,Somerset
2025,EN Gay,Durham,Opener,2.0,23,954,45.429,64.634,54.088,8.672,32.493,161,4.686,14.258,17.391,43.478,4,10,8.522,79.5,,,#c2c1bb,#c2c1bb,#2a78d6,#d47849,Other batters,Opener,Durham
2025,AJ Hose,Worcestershire,Middle order,5.0,15,684,45.6,68.127,60.819,9.761,29.581,266,7.166,18.177,20.0,46.667,3,7,-1.531,89.7,,,#c2c1bb,#c2c1bb,#eb6834,#9e1a72,Other batters,Middle order,Worcestershire
2025,JEK Rew,Somerset,Middle order,4.0,24,1053,45.783,60.657,54.131,8.007,30.244,166,7.755,15.182,16.667,41.667,4,10,-0.298,84.9,,,#c2c1bb,#c2c1bb,#eb6834,#1a1a9e,Other batters,Middle order,Somerset
2025,JM Bairstow,Yorkshire,Middle order,5.0,19,735,45.938,65.625,60.408,9.464,28.698,89,6.092,12.868,26.316,52.632,5,10,-9.65,88.4,,,#c2c1bb,#c2c1bb,#eb6834,#d44978,Other batters,Middle order,Yorkshire
2025,LW James,Nottinghamshire,All-rounder / keeper,7.0,19,789,46.412,59.863,54.753,7.815,29.383,203*,5.861,11.187,10.526,47.368,2,9,-4.468,74.4,,,#c2c1bb,#c2c1bb,#1baf7a,#4978d4,Other batters,All-rounder / keeper,Nottinghamshire
2025,JM Coles,Sussex,Middle order,4.0,24,1032,46.909,56.517,56.395,7.777,26.722,150,5.583,15.156,12.5,50.0,3,12,-1.157,81.8,,,#c2c1bb,#c2c1bb,#eb6834,#721a9e,Other batters,Middle order,Sussex
2025,PI Walter,Essex,Opener,1.5,20,914,50.778,62.135,59.956,9.041,27.354,158,7.92,14.313,15.0,40.0,3,8,2.578,82.4,,,#c2c1bb,#c2c1bb,#2a78d6,#9e721a,Other batters,Opener,Essex
2025,A Lyth,Yorkshire,Opener,1.0,24,1173,51.0,46.108,56.436,6.486,21.48,185,7.814,17.059,16.667,70.833,4,17,-4.37,92.4,,,#c2c1bb,#c2c1bb,#2a78d6,#d44978,Other batters,Opener,Yorkshire
2025,TB Abell,Somerset,Middle order,5.0,23,1022,51.1,50.073,48.141,5.977,27.619,156,7.218,15.563,13.043,52.174,3,12,-2.593,85.9,Tom Abell,Abell 25,#eb6834,#eb6834,#eb6834,#1a1a9e,Tom Abell,Middle order,Somerset
2025,SR Hain,Warwickshire,Middle order,4.0,18,734,52.429,46.991,50.681,5.698,24.576,87*,6.903,14.94,33.333,61.111,6,11,-2.931,94.2,Sam Hain,Hain 25,#2a78d6,#2a78d6,#eb6834,#d449d4,Sam Hain,Middle order,Warwickshire
2025,EG Barnard,Warwickshire,All-rounder / keeper,6.0,22,922,54.235,62.678,52.928,8.158,32.124,177*,6.761,14.605,18.182,54.545,4,12,-0.79,89.1,,,#c2c1bb,#c2c1bb,#1baf7a,#d449d4,Other batters,All-rounder / keeper,Warwickshire
2025,DW Lawrence,Surrey,Middle order,5.0,19,922,54.235,79.758,55.531,10.381,39.575,178,6.644,13.7,21.053,52.632,4,10,-3.538,88.5,,,#c2c1bb,#c2c1bb,#eb6834,#7849d4,Other batters,Middle order,Surrey
2025,JM Cox,Essex,Middle order,4.0,12,650,59.091,65.065,64.308,10.41,25.922,132,7.807,15.591,41.667,58.333,5,7,-14.105,95.8,Jordan Cox,Cox 25,#1baf7a,#1baf7a,#eb6834,#9e721a,Jordan Cox,Middle order,Essex
2025,JA Simpson,Sussex,All-rounder / keeper,6.0,23,1086,60.333,55.408,56.354,7.551,26.159,181*,9.429,16.149,26.087,56.522,6,13,-10.16,95.1,,,#c2c1bb,#c2c1bb,#1baf7a,#721a9e,Other batters,All-rounder / keeper,Sussex
2025,DP Sibley,Surrey,Opener,2.0,24,1274,60.667,45.91,45.055,5.009,26.555,305,6.254,17.212,25.0,62.5,6,15,7.354,93.7,,,#c2c1bb,#c2c1bb,#2a78d6,#7849d4,Other batters,Opener,Surrey
2025,ML Revis,Yorkshire,All-rounder / keeper,6.5,16,766,63.833,53.417,51.958,6.625,27.483,152*,4.649,14.955,18.75,43.75,3,7,11.875,80.7,,,#c2c1bb,#c2c1bb,#1baf7a,#d44978,Other batters,All-rounder / keeper,Yorkshire
2025,H Hameed,Nottinghamshire,Opener,1.0,25,1258,66.211,58.241,57.711,8.241,26.842,208,6.289,15.993,28.0,44.0,7,11,5.474,89.0,,,#c2c1bb,#c2c1bb,#2a78d6,#4978d4,Other batters,Opener,Nottinghamshire
2026,MS Pepper,Essex,All-rounder / keeper,7.0,16,197,13.133,55.493,54.822,7.606,27.134,35,2.023,4.772,0.0,12.5,0,2,-0.612,22.7,,,#c2c1bb,#c2c1bb,#1baf7a,#9e721a,Other batters,All-rounder / keeper,Essex
2026,AL Davies,Warwickshire,Opener,2.0,16,226,14.125,46.985,66.372,7.484,17.079,58,0.791,5.051,6.25,12.5,1,2,5.366,24.8,,,#c2c1bb,#c2c1bb,#2a78d6,#d449d4,Other batters,Opener,Warwickshire
2026,Z Malik,Warwickshire,All-rounder / keeper,7.0,14,234,18.0,46.614,58.974,6.375,20.426,57,2.912,6.608,7.143,28.571,1,4,1.327,42.6,,,#c2c1bb,#c2c1bb,#1baf7a,#d449d4,Other batters,All-rounder / keeper,Warwickshire
2026,BA Mayes,Hampshire,All-rounder / keeper,6.0,14,257,19.769,48.767,58.366,6.831,21.792,59,3.111,8.258,7.143,35.714,1,5,2.585,50.5,,,#c2c1bb,#c2c1bb,#1baf7a,#78d449,Other batters,All-rounder / keeper,Hampshire
2026,IG Holland,Leicestershire,Middle order,4.0,13,257,19.769,40.729,46.693,4.754,22.795,79,2.514,6.318,15.385,30.769,2,4,-2.773,48.1,,,#c2c1bb,#c2c1bb,#eb6834,#1a9e72,Other batters,Middle order,Leicestershire
2026,TE Albert,Hampshire,Opener,1.0,20,408,20.4,41.633,59.314,6.02,18.024,64,4.558,9.381,15.0,30.0,3,6,4.58,61.8,,,#c2c1bb,#c2c1bb,#2a78d6,#78d449,Other batters,Opener,Hampshire
2026,CB Cooke,Glamorgan,All-rounder / keeper,7.0,19,372,20.667,44.551,47.849,5.15,24.495,101,2.856,8.038,0.0,31.579,0,6,4.953,39.3,,,#c2c1bb,#c2c1bb,#1baf7a,#d4d449,Other batters,All-rounder / keeper,Glamorgan
2026,FW McCann,Nottinghamshire,Middle order,3.0,13,234,21.273,42.857,52.991,5.678,21.359,38*,3.918,6.787,0.0,30.769,0,4,-0.32,41.0,,,#c2c1bb,#c2c1bb,#eb6834,#4978d4,Other batters,Middle order,Nottinghamshire
2026,Zain-ul-Hassan,Glamorgan,Opener,1.0,14,311,22.214,36.805,52.09,4.734,18.509,143,3.402,8.653,7.143,21.429,1,3,-2.616,45.6,,,#c2c1bb,#c2c1bb,#2a78d6,#d4d449,Other batters,Opener,Glamorgan
2026,SM Whiteman,Yorkshire,Middle order,3.0,15,338,22.533,53.061,53.846,7.064,26.351,101,2.307,8.696,0.0,40.0,0,6,3.585,43.0,,,#c2c1bb,#c2c1bb,#eb6834,#d44978,Other batters,Middle order,Yorkshire
2026,TJ Prest,Hampshire,Middle order,3.0,19,441,23.211,52.128,52.154,6.738,26.743,55,5.101,9.848,10.526,31.579,2,6,4.044,61.9,,,#c2c1bb,#c2c1bb,#eb6834,#78d449,Other batters,Middle order,Hampshire
2026,ML Revis,Yorkshire,Middle order,5.0,20,466,23.3,46.23,58.798,6.746,20.426,61,4.266,8.912,10.0,35.0,2,7,-1.714,58.2,,,#c2c1bb,#c2c1bb,#eb6834,#d44978,Other batters,Middle order,Yorkshire
2026,T Westley,Essex,Middle order,3.0,19,431,23.944,48.427,64.037,7.64,18.856,136,3.567,9.039,10.526,21.053,2,4,-0.934,49.6,,,#c2c1bb,#c2c1bb,#eb6834,#9e721a,Other batters,Middle order,Essex
2026,RJ Burns,Surrey,Opener,1.0,21,507,24.143,47.65,58.383,6.861,21.292,115,3.782,8.279,4.762,38.095,1,8,-3.065,52.6,,,#c2c1bb,#c2c1bb,#2a78d6,#7849d4,Other batters,Opener,Surrey
2026,AM Vaughan,Somerset,Middle order,3.5,18,398,24.875,51.554,55.276,6.865,24.757,68,3.251,7.147,5.556,22.222,1,4,-4.439,41.4,,,#c2c1bb,#c2c1bb,#eb6834,#1a1a9e,Other batters,Middle order,Somerset
2026,PI Walter,Essex,Opener,2.0,24,611,25.458,50.164,55.646,6.897,23.898,110,6.442,10.682,20.833,37.5,5,9,-7.024,77.1,,,#c2c1bb,#c2c1bb,#2a78d6,#9e721a,Other batters,Opener,Essex
2026,JH Wharton,Yorkshire,Middle order,4.0,18,461,25.611,43.78,46.855,5.128,24.525,92,5.86,10.893,27.778,44.444,5,8,-8.107,81.8,,,#c2c1bb,#c2c1bb,#eb6834,#d44978,Other batters,Middle order,Yorkshire
2026,JM Bairstow,Yorkshire,All-rounder / keeper,6.0,16,413,25.812,69.179,60.048,9.883,30.669,120,2.712,9.438,0.0,37.5,0,6,3.57,45.0,,,#c2c1bb,#c2c1bb,#1baf7a,#d44978,Other batters,All-rounder / keeper,Yorkshire
2026,SR Dickson,Glamorgan,All-rounder / keeper,6.0,21,491,25.842,51.684,54.582,6.947,25.226,90,3.921,9.736,4.762,42.857,1,9,-0.5,58.4,,,#c2c1bb,#c2c1bb,#1baf7a,#d4d449,Other batters,All-rounder / keeper,Glamorgan
2026,AM Tribe,Glamorgan,Opener,2.0,23,570,25.909,49.869,56.842,7.087,23.164,85,5.035,10.959,21.739,39.13,5,9,-0.618,75.7,,,#c2c1bb,#c2c1bb,#2a78d6,#d4d449,Other batters,Opener,Glamorgan
2026,JA Leaning,Sussex,Middle order,5.0,18,415,25.938,46.84,55.422,6.433,22.316,120*,3.074,7.747,11.111,22.222,2,4,3.415,45.8,,,#c2c1bb,#c2c1bb,#eb6834,#721a9e,Other batters,Middle order,Sussex
2026,C Tear,Sussex,Middle order,4.0,12,328,27.333,40.0,39.024,3.902,25.381,89,3.935,10.55,16.667,41.667,2,5,10.085,69.1,,,#c2c1bb,#c2c1bb,#eb6834,#721a9e,Other batters,Middle order,Sussex
2026,A Lyth,Yorkshire,Opener,1.0,20,560,28.0,43.344,55.0,5.96,20.741,141,2.469,10.71,20.0,30.0,4,6,2.084,59.3,,,#c2c1bb,#c2c1bb,#2a78d6,#d44978,Other batters,Opener,Yorkshire
2026,K Verreynne,Nottinghamshire,All-rounder / keeper,6.0,15,368,28.308,50.0,43.478,5.435,29.885,115,1.995,7.086,6.667,26.667,1,4,1.95,38.6,,,#c2c1bb,#c2c1bb,#1baf7a,#4978d4,Other batters,All-rounder / keeper,Nottinghamshire
2026,NRT Gubbins,Hampshire,Opener,2.0,24,681,28.375,45.951,61.674,7.085,18.954,83,6.759,12.91,12.5,58.333,3,14,-0.491,83.3,,,#c2c1bb,#c2c1bb,#2a78d6,#78d449,Other batters,Opener,Hampshire
2026,H Hameed,Nottinghamshire,Opener,1.0,21,542,28.526,50.139,50.185,6.198,26.627,115,1.964,8.672,9.524,38.095,2,8,-0.08,49.5,,,#c2c1bb,#c2c1bb,#2a78d6,#4978d4,Other batters,Opener,Nottinghamshire
2026,TJ Haines,Sussex,Opener,2.0,21,572,30.105,62.039,65.035,10.087,24.125,67,5.085,10.145,23.81,42.857,5,9,2.971,76.3,,,#c2c1bb,#c2c1bb,#2a78d6,#721a9e,Other batters,Opener,Sussex
2026,W Luxton,Yorkshire,Opener,2.0,13,394,30.308,62.243,60.914,9.163,26.783,167,3.055,11.341,23.077,23.077,3,3,9.916,61.2,,,#c2c1bb,#c2c1bb,#2a78d6,#d44978,Other batters,Opener,Yorkshire
2026,ARG Thomas,Surrey,All-rounder / keeper,6.0,13,396,30.462,53.083,49.495,6.434,28.653,120,4.981,11.65,23.077,38.462,3,5,3.671,76.8,,,#c2c1bb,#c2c1bb,#1baf7a,#7849d4,Other batters,All-rounder / keeper,Surrey
2026,JA Simpson,Sussex,All-rounder / keeper,6.0,20,518,30.471,50.784,54.44,6.667,24.79,136,2.257,8.871,5.0,25.0,1,5,5.675,41.1,,,#c2c1bb,#c2c1bb,#1baf7a,#721a9e,Other batters,All-rounder / keeper,Sussex
2026,GCH Hill,Yorkshire,All-rounder / keeper,7.0,20,552,30.667,52.571,55.435,6.952,25.179,65*,4.672,10.557,5.0,30.0,1,6,3.865,56.9,,,#c2c1bb,#c2c1bb,#1baf7a,#d44978,Other batters,All-rounder / keeper,Yorkshire
2026,BC Brown,Hampshire,All-rounder / keeper,6.0,23,614,30.7,59.381,54.723,7.737,29.14,103*,5.716,11.867,8.696,30.435,2,7,0.194,65.7,,,#c2c1bb,#c2c1bb,#1baf7a,#78d449,Other batters,All-rounder / keeper,Hampshire
2026,D Elgar,Essex,Opener,1.5,24,707,30.739,45.205,59.406,6.65,19.658,113,5.638,12.36,4.167,45.833,1,11,4.096,70.6,,,#c2c1bb,#c2c1bb,#2a78d6,#9e721a,Other batters,Opener,Essex
2026,CA Ingram,Glamorgan,Middle order,5.0,22,628,31.4,57.352,59.236,8.219,25.473,103,3.364,12.401,18.182,45.455,4,10,9.308,73.0,,,#c2c1bb,#c2c1bb,#eb6834,#d4d449,Other batters,Middle order,Glamorgan
2026,SS Eskinazi,Leicestershire,All-rounder / keeper,6.0,13,412,31.692,41.449,48.058,4.829,22.622,100,4.389,10.399,7.692,30.769,1,4,2.664,57.7,,,#c2c1bb,#c2c1bb,#1baf7a,#1a9e72,Other batters,All-rounder / keeper,Leicestershire
2026,TGR Clark,Sussex,Middle order,3.0,18,542,31.882,60.694,67.528,9.742,21.836,101,6.956,11.233,22.222,50.0,4,9,-0.083,84.9,,,#c2c1bb,#c2c1bb,#eb6834,#721a9e,Other batters,Middle order,Sussex
2026,DR Mousley,Warwickshire,Middle order,3.0,21,645,32.25,62.927,65.426,10.244,24.239,144,4.634,11.336,4.762,47.619,1,10,6.749,66.5,,,#c2c1bb,#c2c1bb,#eb6834,#d449d4,Other batters,Middle order,Warwickshire
2026,BJ Webster,Warwickshire,Middle order,5.0,12,403,33.583,59.265,58.561,8.382,26.806,91,3.916,10.544,8.333,41.667,1,5,1.468,62.0,,,#c2c1bb,#c2c1bb,#eb6834,#d449d4,Other batters,Middle order,Warwickshire
2026,JM Coles,Sussex,Middle order,5.0,22,659,34.684,63.002,56.753,8.317,29.718,224*,3.674,10.738,9.091,27.273,2,6,5.498,55.0,,,#c2c1bb,#c2c1bb,#eb6834,#721a9e,Other batters,Middle order,Sussex
2026,EG Barnard,Warwickshire,All-rounder / keeper,6.0,18,591,34.765,62.939,57.191,8.52,29.453,165,1.961,11.038,11.111,27.778,2,5,-10.178,50.6,,,#c2c1bb,#c2c1bb,#1baf7a,#d449d4,Other batters,All-rounder / keeper,Warwickshire
2026,KS Carlson,Glamorgan,Middle order,3.0,23,778,35.364,52.497,55.527,7.152,25.145,209,5.281,14.959,13.043,43.478,3,10,-6.726,78.7,,,#c2c1bb,#c2c1bb,#eb6834,#d4d449,Other batters,Middle order,Glamorgan
2026,BI Kellaway,Glamorgan,Middle order,4.0,18,575,35.938,51.293,54.957,6.958,24.832,139,7.435,14.272,33.333,50.0,6,9,-0.992,92.0,,,#c2c1bb,#c2c1bb,#eb6834,#d4d449,Other batters,Middle order,Glamorgan
2026,CWJ Allison,Essex,Middle order,4.0,24,791,35.955,53.7,56.89,7.332,24.982,114,6.195,13.829,16.667,54.167,4,13,3.412,86.2,,,#c2c1bb,#c2c1bb,#eb6834,#9e721a,Other batters,Middle order,Essex
2026,BT Slater,Nottinghamshire,Opener,2.0,19,654,36.333,55.051,56.269,7.576,26.047,178,4.91,11.38,21.053,31.579,4,6,-11.467,71.5,,,#c2c1bb,#c2c1bb,#2a78d6,#4978d4,Other batters,Opener,Nottinghamshire
2026,DP Hughes,Sussex,Opener,1.0,20,746,37.3,59.585,62.198,9.185,24.802,136,7.41,13.792,10.0,50.0,2,10,7.18,81.0,,,#c2c1bb,#c2c1bb,#2a78d6,#721a9e,Other batters,Opener,Sussex
2026,TA Lammonby,Somerset,Middle order,3.0,17,615,38.438,59.42,49.106,7.246,32.604,95,5.505,11.353,17.647,41.176,3,7,-0.319,77.1,,,#c2c1bb,#c2c1bb,#eb6834,#1a1a9e,Other batters,Middle order,Somerset
2026,RK Patel,Leicestershire,Opener,1.0,19,696,38.667,63.158,65.517,10.163,24.242,164,6.303,12.604,15.789,52.632,3,10,-4.882,83.7,,,#c2c1bb,#c2c1bb,#2a78d6,#1a9e72,Other batters,Opener,Leicestershire
2026,JF Thomas,Somerset,Opener,1.5,22,815,38.81,60.505,57.178,8.537,28.328,136,5.473,12.031,18.182,50.0,4,11,2.814,82.1,,,#c2c1bb,#c2c1bb,#2a78d6,#1a1a9e,Other batters,Opener,Somerset
2026,RM Yates,Warwickshire,Opener,1.0,21,740,38.947,50.512,60.0,7.509,21.845,109,5.521,13.005,14.286,47.619,3,10,-4.522,79.8,,,#c2c1bb,#c2c1bb,#2a78d6,#d449d4,Other batters,Opener,Warwickshire
2026,DP Sibley,Surrey,Opener,2.0,21,769,40.474,43.105,45.514,4.765,24.662,187,4.647,12.557,14.286,52.381,3,11,6.922,77.8,,,#c2c1bb,#c2c1bb,#2a78d6,#7849d4,Other batters,Opener,Surrey
2026,C Overton,Somerset,All-rounder / keeper,7.0,19,664,41.5,65.743,62.952,9.901,27.033,141,5.012,10.791,5.263,31.579,1,6,2.714,59.4,,,#c2c1bb,#c2c1bb,#1baf7a,#1a1a9e,Other batters,All-rounder / keeper,Somerset
2026,OJ Pope,Surrey,Middle order,4.0,19,674,42.125,64.933,58.754,9.345,29.543,111,5.833,11.691,15.789,42.105,3,8,10.693,77.2,,,#c2c1bb,#c2c1bb,#eb6834,#7849d4,Other batters,Middle order,Surrey
2026,OB Cox,Leicestershire,All-rounder / keeper,7.0,16,608,43.429,57.304,52.632,7.446,29.328,162,5.466,12.087,18.75,50.0,3,8,-3.131,82.3,,,#c2c1bb,#c2c1bb,#1baf7a,#1a9e72,Other batters,All-rounder / keeper,Leicestershire
2026,MJJ Critchley,Essex,Middle order,5.0,23,860,45.263,61.826,53.721,8.052,31.118,173,5.57,15.873,21.739,43.478,5,10,-2.634,85.6,,,#c2c1bb,#c2c1bb,#eb6834,#9e721a,Other batters,Middle order,Essex
2026,JEK Rew,Somerset,Middle order,4.0,18,785,46.176,60.478,53.758,7.858,30.351,122,6.357,13.129,11.111,50.0,2,9,4.022,79.9,,,#c2c1bb,#c2c1bb,#eb6834,#1a1a9e,Other batters,Middle order,Somerset
2026,JA Haynes,Nottinghamshire,Middle order,5.0,19,845,49.706,62.919,50.651,7.818,33.683,159,6.207,14.095,21.053,47.368,4,9,3.03,86.6,,,#c2c1bb,#c2c1bb,#eb6834,#4978d4,Other batters,Middle order,Nottinghamshire
2026,JS Lehmann,Hampshire,Middle order,4.0,22,942,52.333,54.831,54.14,7.392,27.153,133*,10.957,19.592,31.818,59.091,7,13,-5.748,97.4,,,#c2c1bb,#c2c1bb,#eb6834,#78d449,Other batters,Middle order,Hampshire
2026,BT Foakes,Surrey,All-rounder / keeper,6.0,12,487,54.111,54.292,54.62,7.246,26.562,128,6.129,14.128,16.667,33.333,2,4,-13.465,77.7,,,#c2c1bb,#c2c1bb,#1baf7a,#7849d4,Other batters,All-rounder / keeper,Surrey
2026,TB Abell,Somerset,Middle order,5.0,16,974,64.933,56.009,47.639,6.383,31.327,119,10.679,18.329,37.5,62.5,6,10,-1.155,98.1,Tom Abell,Abell 26,#eb6834,#eb6834,#eb6834,#1a1a9e,Tom Abell,Middle order,Somerset
2026,JM Clarke,Nottinghamshire,Middle order,4.0,19,1240,65.263,58.243,50.484,7.28,31.104,150,10.044,20.684,42.105,63.158,8,12,1.562,98.6,,,#c2c1bb,#c2c1bb,#eb6834,#4978d4,Other batters,Middle order,Nottinghamshire
2026,DW Lawrence,Surrey,Middle order,5.0,13,788,65.667,80.408,60.406,11.327,35.903,218,5.371,16.795,30.769,38.462,4,5,5.033,84.9,,,#c2c1bb,#c2c1bb,#eb6834,#7849d4,Other batters,Middle order,Surrey
2026,SR Hain,Warwickshire,Middle order,4.0,19,906,69.692,47.785,48.786,5.696,25.951,164*,7.91,17.02,36.842,52.632,7,10,3.885,95.6,Sam Hain,Hain 26,#2a78d6,#2a78d6,#eb6834,#d449d4,Sam Hain,Middle order,Warwickshire
